,CN1,CN2,CN3,CN4,CN5,CN6,CN7,CN8,CN9,CN10,CN11,CN12,CN13,CN14,CN15,CN16,CN17,CN18,CN19,CN20,CN21,CN22,CN23,CN24,CN25,% CN1,% CN2,% CN3,% CN4,% CN5,% CN6,% CN7,% CN8,% CN9,% CN10,% CN11,% CN12,% CN13,% CN14,% CN15,% CN16,% CN17,% CN18,% CN19,% CN20,% CN21,% CN22,% CN23,% CN24,Status
TCGA-AR-A0TQ,0,37,0,0,0,0,38,0,0,0,0,0,0,0,0,0,0,0,0,0,0,0,0,0,0,0.0,49.333333333333336,0.0,0.0,0.0,0.0,30.563002680965145,0.0,0.0,0.0,0.0,0.0,0.0,0.0,0.0,0.0,0.0,0.0,0.0,0.0,0.0,0.0,0.0,0.0,Gap
TCGA-C8-A1HF,0,46,0,0,35,0,0,0,0,0,0,0,0,0,0,0,0,0,0,35,0,0,0,0,0,0.0,39.6551724137931,0.0,0.0,22.485600354452814,0.0,0.0,0.0,0.0,0.0,0.0,0.0,0.0,0.0,0.0,0.0,0.0,0.0,0.0,19.64738305336399,0.0,0.0,0.0,0.0,Gap
TCGA-D8-A1X5,0,29,0,0,41,0,0,0,0,0,48,0,0,0,0,0,0,0,0,73,0,0,0,0,0,0.0,15.18324607329843,0.0,0.0,19.885223838907088,0.0,0.0,0.0,0.0,0.0,21.232505363813438,0.0,0.0,0.0,0.0,0.0,0.0,0.0,0.0,29.518686660464173,0.0,0.0,0.0,0.0,Gap
TCGA-BH-A18R,18,0,0,41,0,0,0,0,87,0,0,0,0,0,0,0,0,0,0,68,0,0,0,0,0,8.411214953271028,0.0,0.0,18.434322211950583,0.0,0.0,0.0,0.0,36.122737013938284,0.0,0.0,0.0,0.0,0.0,0.0,0.0,0.0,0.0,0.0,24.551548440531306,0.0,0.0,0.0,0.0,Gap
TCGA-3C-AALJ,0,0,0,0,99,0,0,109,0,0,0,0,0,0,0,0,0,0,0,378,0,0,0,0,0,0.0,0.0,0.0,0.0,16.89419795221843,0.0,0.0,18.079457452108148,0.0,0.0,0.0,0.0,0.0,0.0,0.0,0.0,0.0,0.0,0.0,60.87214758794843,0.0,0.0,0.0,0.0,Gap
TCGA-C8-A12M,0,0,0,0,75,0,212,0,0,0,0,0,0,0,0,0,0,0,0,0,0,0,0,0,0,0.0,0.0,0.0,0.0,26.13240418118467,0.0,67.70298990753207,0.0,0.0,0.0,0.0,0.0,0.0,0.0,0.0,0.0,0.0,0.0,0.0,0.0,0.0,0.0,0.0,0.0,Gap
TCGA-BH-A0DZ,29,0,0,0,0,0,50,0,58,0,0,0,0,0,0,0,0,0,0,0,0,0,0,0,0,21.16788321167883,0.0,0.0,0.0,0.0,0.0,31.611980248280954,0.0,30.56172501264181,0.0,0.0,0.0,0.0,0.0,0.0,0.0,0.0,0.0,0.0,0.0,0.0,0.0,0.0,0.0,Gap
TCGA-E9-A5FL,0,0,0,0,60,0,0,0,0,0,0,0,0,0,0,0,149,0,0,0,0,0,0,0,0,0.0,0.0,0.0,0.0,28.708133971291865,0.0,0.0,0.0,0.0,0.0,0.0,0.0,0.0,0.0,0.0,0.0,62.681910589561404,0.0,0.0,0.0,0.0,0.0,0.0,0.0,Gap
TCGA-3C-AALK,0,0,0,0,0,0,0,0,175,0,0,0,0,0,0,0,0,0,0,0,0,0,0,71,0,0.0,0.0,0.0,0.0,0.0,0.0,0.0,0.0,71.13821138211382,0.0,0.0,0.0,0.0,0.0,0.0,0.0,0.0,0.0,0.0,0.0,0.0,0.0,0.0,22.387715340442988,Gap
TCGA-D8-A27G,29,0,0,0,0,0,29,0,50,0,0,0,0,0,0,0,0,0,0,0,0,0,0,0,0,26.85185185185185,0.0,0.0,0.0,0.0,0.0,21.505081021697336,0.0,31.97811512485768,0.0,0.0,0.0,0.0,0.0,0.0,0.0,0.0,0.0,0.0,0.0,0.0,0.0,0.0,0.0,Gap
TCGA-EW-A6S9,0,0,0,0,0,0,0,0,326,0,0,0,0,0,0,0,0,0,0,0,0,0,0,0,0,0.0,0.0,0.0,0.0,0.0,0.0,0.0,0.0,100.0,0.0,0.0,0.0,0.0,0.0,0.0,0.0,0.0,0.0,0.0,0.0,0.0,0.0,0.0,0.0,Gap
TCGA-A8-A0A7,13,0,0,0,0,0,26,0,0,0,0,0,32,0,0,0,0,0,0,0,0,0,0,0,0,18.309859154929576,0.0,0.0,0.0,0.0,0.0,29.11212742469642,0.0,0.0,0.0,0.0,0.0,27.022009108488867,0.0,0.0,0.0,0.0,0.0,0.0,0.0,0.0,0.0,0.0,0.0,Gap
TCGA-3C-AALI,0,0,0,0,0,192,0,0,0,0,0,0,0,0,0,0,0,0,0,245,0,0,0,0,0,0.0,0.0,0.0,0.0,0.0,43.93592677345538,0.0,0.0,0.0,0.0,0.0,0.0,0.0,0.0,0.0,0.0,0.0,0.0,0.0,50.942336881271736,0.0,0.0,0.0,0.0,Gap
TCGA-A2-A0D1,0,31,0,0,31,0,0,45,0,0,0,0,0,0,0,0,0,0,88,0,0,0,0,0,0,0.0,15.897435897435898,0.0,0.0,14.699088145896656,0.0,0.0,19.94711584800677,0.0,0.0,0.0,0.0,0.0,0.0,0.0,0.0,0.0,0.0,35.83884316406758,0.0,0.0,0.0,0.0,0.0,Gap
TCGA-D8-A1JG,0,27,0,0,0,0,57,0,0,0,0,65,0,0,0,0,0,0,0,0,0,0,0,0,0,0.0,18.120805369127517,0.0,0.0,0.0,0.0,34.107063973334405,0.0,0.0,0.0,0.0,32.30168873347211,0.0,0.0,0.0,0.0,0.0,0.0,0.0,0.0,0.0,0.0,0.0,0.0,Gap
TCGA-GM-A2DA,32,0,0,0,0,0,0,0,26,0,0,0,0,0,0,0,0,0,0,30,0,0,0,0,0,36.36363636363637,0.0,0.0,0.0,0.0,0.0,0.0,0.0,20.90643274853801,0.0,0.0,0.0,0.0,0.0,0.0,0.0,0.0,0.0,0.0,20.651191386736834,0.0,0.0,0.0,0.0,Gap
TCGA-E9-A1RF,0,34,0,0,73,0,73,0,0,0,0,0,0,0,0,0,0,0,0,66,0,0,0,0,0,0.0,13.821138211382113,0.0,0.0,28.096251329870455,0.0,25.354494952983945,0.0,0.0,0.0,0.0,0.0,0.0,0.0,0.0,0.0,0.0,0.0,0.0,21.06796149502981,0.0,0.0,0.0,0.0,Gap
TCGA-AR-A24U,26,0,0,0,0,0,49,0,29,0,0,0,0,0,0,0,0,0,0,0,0,0,0,0,0,25.0,0.0,0.0,0.0,0.0,0.0,37.98449612403101,0.0,17.366881760363956,0.0,0.0,0.0,0.0,0.0,0.0,0.0,0.0,0.0,0.0,0.0,0.0,0.0,0.0,0.0,Gap
TCGA-A2-A0CX,0,26,0,0,0,0,0,32,0,0,49,0,0,0,0,0,0,0,36,0,0,0,0,0,0,0.0,18.181818181818183,0.0,0.0,0.0,0.0,0.0,19.85335589396503,0.0,0.0,27.066563307464264,0.0,0.0,0.0,0.0,0.0,0.0,0.0,17.29923087268663,0.0,0.0,0.0,0.0,0.0,Gap
TCGA-C8-A12Q,0,0,0,0,0,0,0,0,136,0,0,0,0,0,0,0,0,0,0,69,55,0,0,0,0,0.0,0.0,0.0,0.0,0.0,0.0,0.0,0.0,52.30769230769231,0.0,0.0,0.0,0.0,0.0,0.0,0.0,0.0,0.0,0.0,22.0935960591133,16.447305053343683,0.0,0.0,0.0,Gap
TCGA-A8-A08J,0,0,0,0,0,0,0,106,0,65,0,0,0,0,0,0,0,0,0,67,40,0,0,0,0,0.0,0.0,0.0,0.0,0.0,0.0,0.0,38.1294964028777,0.0,20.561194301579356,0.0,0.0,0.0,0.0,0.0,0.0,0.0,0.0,0.0,19.899570094978294,11.217356276171001,0.0,0.0,0.0,Gap
TCGA-E2-A1LB,34,0,0,0,0,0,0,0,45,0,0,0,0,0,0,0,0,0,0,0,0,0,0,0,0,43.037974683544306,0.0,0.0,0.0,0.0,0.0,0.0,0.0,36.87376828129862,0.0,0.0,0.0,0.0,0.0,0.0,0.0,0.0,0.0,0.0,0.0,0.0,0.0,0.0,0.0,Gap
TCGA-D8-A1JA,27,0,0,0,0,0,0,0,66,0,0,0,0,0,0,0,0,0,37,0,0,0,0,0,28,17.088607594936708,0.0,0.0,0.0,0.0,0.0,0.0,0.0,37.695199537304795,0.0,0.0,0.0,0.0,0.0,0.0,0.0,0.0,0.0,17.388541214043194,0.0,0.0,0.0,0.0,0.0,Gap
TCGA-C8-A8HP,0,0,0,0,0,0,0,0,334,0,0,0,0,0,0,0,0,0,0,0,0,0,0,0,0,0.0,0.0,0.0,0.0,0.0,0.0,0.0,0.0,100.0,0.0,0.0,0.0,0.0,0.0,0.0,0.0,0.0,0.0,0.0,0.0,0.0,0.0,0.0,0.0,Gap
TCGA-BH-A0AW,0,34,0,0,0,0,0,0,0,0,0,0,0,0,0,0,0,0,124,62,0,0,0,0,0,0.0,15.454545454545455,0.0,0.0,0.0,0.0,0.0,0.0,0.0,0.0,0.0,0.0,0.0,0.0,0.0,0.0,0.0,0.0,52.664092664092664,21.51891332155692,0.0,0.0,0.0,0.0,Gap
TCGA-C8-A138,0,39,0,0,34,0,53,0,0,0,0,0,0,0,0,0,0,0,0,29,0,0,0,0,0,0.0,25.161290322580644,0.0,0.0,18.871978513876456,0.0,26.6287140385306,0.0,0.0,0.0,0.0,0.0,0.0,0.0,0.0,0.0,0.0,0.0,0.0,12.851079136384895,0.0,0.0,0.0,0.0,Gap
TCGA-E2-A14Y,29,0,0,21,0,0,0,0,0,0,0,0,0,0,0,0,0,0,0,26,37,0,0,0,0,25.663716814159294,0.0,0.0,15.144552938923988,0.0,0.0,0.0,0.0,0.0,0.0,0.0,0.0,0.0,0.0,0.0,0.0,0.0,0.0,0.0,16.904162592648106,21.673875470924465,0.0,0.0,0.0,Gap
TCGA-C8-A12T,22,0,0,0,0,0,32,0,73,0,0,0,0,0,0,0,0,0,0,0,0,0,0,0,0,17.322834645669293,0.0,0.0,0.0,0.0,0.0,22.172513503191663,0.0,43.8450688332336,0.0,0.0,0.0,0.0,0.0,0.0,0.0,0.0,0.0,0.0,0.0,0.0,0.0,0.0,0.0,Gap
TCGA-AR-A254,0,30,0,0,0,0,0,74,0,0,0,0,0,0,0,0,0,0,50,26,0,0,0,0,0,0.0,16.666666666666668,0.0,0.0,0.0,0.0,0.0,37.6271186440678,0.0,0.0,0.0,0.0,0.0,0.0,0.0,0.0,0.0,0.0,21.34072823727996,10.170770620578416,0.0,0.0,0.0,0.0,Gap
TCGA-BH-A0C0,0,22,0,0,0,0,0,0,0,0,0,40,0,0,0,0,51,0,0,44,0,0,0,0,0,0.0,14.012738853503185,0.0,0.0,0.0,0.0,0.0,0.0,0.0,0.0,0.0,23.390070393683192,0.0,0.0,0.0,0.0,26.234188794644762,0.0,0.0,19.942258275132048,0.0,0.0,0.0,0.0,Gap
TCGA-C8-A135,0,33,0,0,0,0,51,0,0,43,0,0,0,0,0,0,0,0,0,0,0,0,0,0,0,0.0,25.984251968503937,0.0,0.0,0.0,0.0,33.33676463019198,0.0,0.0,23.07844857492097,0.0,0.0,0.0,0.0,0.0,0.0,0.0,0.0,0.0,0.0,0.0,0.0,0.0,0.0,Gap
TCGA-A1-A0SJ,0,0,0,0,80,0,0,109,0,0,0,0,0,0,0,0,0,0,0,75,0,0,0,0,0,0.0,0.0,0.0,0.0,30.303030303030305,0.0,0.0,37.03665568369028,0.0,0.0,0.0,0.0,0.0,0.0,0.0,0.0,0.0,0.0,0.0,22.635380901219857,0.0,0.0,0.0,0.0,Gap
TCGA-AC-A23H,0,47,0,0,0,0,53,0,0,37,0,0,0,0,0,0,0,0,0,0,29,0,0,0,0,0.0,28.313253012048193,0.0,0.0,0.0,0.0,27.275545634920636,0.0,0.0,16.697594926243415,0.0,0.0,0.0,0.0,0.0,0.0,0.0,0.0,0.0,0.0,12.170229094969244,0.0,0.0,0.0,Gap
TCGA-A2-A04X,19,0,0,28,0,0,20,0,79,0,0,0,0,0,0,0,0,0,0,0,0,0,0,0,0,13.013698630136986,0.0,0.0,17.60854583046175,0.0,0.0,11.323601996498036,0.0,42.033384344055555,0.0,0.0,0.0,0.0,0.0,0.0,0.0,0.0,0.0,0.0,0.0,0.0,0.0,0.0,0.0,Gap
TCGA-LL-A5YN,0,0,0,0,0,0,0,0,276,0,0,0,0,0,0,0,0,0,0,0,0,0,0,0,0,0.0,0.0,0.0,0.0,0.0,0.0,0.0,0.0,100.0,0.0,0.0,0.0,0.0,0.0,0.0,0.0,0.0,0.0,0.0,0.0,0.0,0.0,0.0,0.0,Gap
TCGA-A8-A076,0,44,0,0,0,41,52,0,0,0,0,0,0,0,0,0,0,0,0,0,0,0,0,0,0,0.0,32.11678832116788,0.0,0.0,0.0,24.243601363891408,26.892788168609062,0.0,0.0,0.0,0.0,0.0,0.0,0.0,0.0,0.0,0.0,0.0,0.0,0.0,0.0,0.0,0.0,0.0,Gap
TCGA-AO-A03L,0,29,0,0,0,50,43,0,0,0,0,0,0,0,0,0,0,0,78,0,0,0,0,0,0,0.0,14.5,0.0,0.0,0.0,23.31002331002331,18.08166005851765,0.0,0.0,0.0,0.0,0.0,0.0,0.0,0.0,0.0,0.0,0.0,30.48164714586001,0.0,0.0,0.0,0.0,0.0,Gap
TCGA-C8-A137,19,0,0,41,0,0,0,0,61,0,0,0,0,0,0,0,0,0,0,45,54,0,0,0,0,8.636363636363637,0.0,0.0,17.932405566600398,0.0,0.0,0.0,0.0,24.73954840152023,0.0,0.0,0.0,0.0,0.0,0.0,0.0,0.0,0.0,0.0,16.586295767607616,18.756863620163408,0.0,0.0,0.0,Gap
TCGA-C8-A1HK,0,44,0,0,0,0,0,0,0,0,0,0,0,0,0,0,0,0,0,72,55,0,0,0,0,0.0,25.730994152046783,0.0,0.0,0.0,0.0,0.0,0.0,0.0,0.0,0.0,0.0,0.0,0.0,0.0,0.0,0.0,0.0,0.0,36.59819862667578,23.57184685936799,0.0,0.0,0.0,Gap
TCGA-C8-A275,23,0,0,0,0,0,27,0,49,0,0,0,0,0,0,0,0,0,0,22,0,0,0,0,0,19.00826446280992,0.0,0.0,0.0,0.0,0.0,19.284575880998762,0.0,30.7609556677131,0.0,0.0,0.0,0.0,0.0,0.0,0.0,0.0,0.0,0.0,11.575669869107102,0.0,0.0,0.0,0.0,Gap
TCGA-BH-A0HY,0,33,0,0,54,0,45,0,0,0,0,0,0,0,0,0,0,0,0,88,0,0,0,0,0,0.0,15.0,0.0,0.0,22.97872340425532,0.0,17.443298969072163,0.0,0.0,0.0,0.0,0.0,0.0,0.0,0.0,0.0,0.0,0.0,0.0,31.950967189079115,0.0,0.0,0.0,0.0,Gap
TCGA-A2-A0SY,33,0,0,0,0,0,0,0,35,0,0,0,0,0,0,0,0,0,0,0,0,0,0,0,0,48.529411764705884,0.0,0.0,0.0,0.0,0.0,0.0,0.0,30.035335689045937,0.0,0.0,0.0,0.0,0.0,0.0,0.0,0.0,0.0,0.0,0.0,0.0,0.0,0.0,0.0,Gap
TCGA-A8-A07B,0,39,0,0,43,0,71,0,0,0,0,0,0,0,0,0,0,0,0,32,0,0,0,0,0,0.0,21.08108108108108,0.0,0.0,20.865573770491803,0.0,31.284885008080533,0.0,0.0,0.0,0.0,0.0,0.0,0.0,0.0,0.0,0.0,0.0,0.0,12.391979700617407,0.0,0.0,0.0,0.0,Gap
TCGA-A2-A0T3,0,21,0,0,0,0,41,0,0,0,90,0,0,0,0,0,0,0,0,0,0,0,0,0,0,0.0,13.81578947368421,0.0,0.0,0.0,0.0,24.726233931122042,0.0,0.0,0.0,47.23367496145201,0.0,0.0,0.0,0.0,0.0,0.0,0.0,0.0,0.0,0.0,0.0,0.0,0.0,Gap
TCGA-BH-A0EE,0,27,0,0,21,0,32,0,0,0,0,0,0,0,0,0,0,32,0,0,0,0,0,0,0,0.0,24.107142857142858,0.0,0.0,15.429021254263972,0.0,21.11707141832767,0.0,0.0,0.0,0.0,0.0,0.0,0.0,0.0,0.0,0.0,18.53426024818917,0.0,0.0,0.0,0.0,0.0,0.0,Gap
TCGA-A8-A0AD,0,0,0,106,0,0,0,0,0,0,0,0,0,0,0,0,0,0,0,0,50,0,0,0,85,0.0,0.0,0.0,43.983402489626556,0.0,0.0,0.0,0.0,0.0,0.0,0.0,0.0,0.0,0.0,0.0,0.0,0.0,0.0,0.0,0.0,17.544881408249736,0.0,0.0,0.0,Gap
TCGA-S3-AA14,0,0,0,0,0,0,0,0,351,0,0,0,0,0,0,0,0,0,0,0,0,0,0,0,0,0.0,0.0,0.0,0.0,0.0,0.0,0.0,0.0,100.0,0.0,0.0,0.0,0.0,0.0,0.0,0.0,0.0,0.0,0.0,0.0,0.0,0.0,0.0,0.0,Gap
TCGA-EW-A6SD,0,0,0,0,0,191,0,128,0,0,0,0,0,0,0,0,120,0,0,0,0,0,0,0,0,0.0,0.0,0.0,0.0,0.0,43.50797266514807,0.0,26.528059068742003,0.0,0.0,0.0,0.0,0.0,0.0,0.0,0.0,23.5739697229788,0.0,0.0,0.0,0.0,0.0,0.0,0.0,Gap
TCGA-D8-A27T,0,34,0,0,9,0,0,0,0,0,0,0,0,0,0,0,0,0,0,16,0,0,0,0,0,0.0,57.6271186440678,0.0,0.0,7.716901613137626,0.0,0.0,0.0,0.0,0.0,0.0,0.0,0.0,0.0,0.0,0.0,0.0,0.0,0.0,12.867526694813328,0.0,0.0,0.0,0.0,ERBB2 only
TCGA-D8-A1XT,0,0,0,0,0,0,0,0,80,0,0,0,0,0,0,0,0,0,67,0,84,0,0,0,0,0.0,0.0,0.0,0.0,0.0,0.0,0.0,0.0,34.63203463203463,0.0,0.0,0.0,0.0,0.0,0.0,0.0,0.0,0.0,25.22286142663907,0.0,28.880380264616488,0.0,0.0,0.0,ERBB2 only
TCGA-A8-A07I,0,0,0,100,0,0,65,0,99,0,0,0,0,0,0,0,0,0,0,0,0,0,0,0,0,0.0,0.0,0.0,37.878787878787875,0.0,0.0,21.531820919494077,0.0,30.611240728268257,0.0,0.0,0.0,0.0,0.0,0.0,0.0,0.0,0.0,0.0,0.0,0.0,0.0,0.0,0.0,ERBB2 only
TCGA-BH-A18P,0,52,0,0,0,0,0,0,0,0,0,0,0,0,0,0,0,0,0,0,0,0,0,0,0,0.0,100.0,0.0,0.0,0.0,0.0,0.0,0.0,0.0,0.0,0.0,0.0,0.0,0.0,0.0,0.0,0.0,0.0,0.0,0.0,0.0,0.0,0.0,0.0,ERBB2 only
TCGA-EW-A1OZ,0,0,0,0,0,0,0,0,0,83,0,0,0,0,0,0,0,130,0,35,0,0,0,0,0,0.0,0.0,0.0,0.0,0.0,0.0,0.0,0.0,0.0,33.46774193548387,0.0,0.0,0.0,0.0,0.0,0.0,0.0,46.18646495902813,0.0,10.681993169484382,0.0,0.0,0.0,0.0,ERBB2 only
TCGA-E2-A14V,0,45,0,0,0,85,75,0,0,0,0,0,0,0,0,0,0,0,0,0,0,0,0,0,0,0.0,21.951219512195124,0.0,0.0,0.0,37.45298226759807,28.3656611714753,0.0,0.0,0.0,0.0,0.0,0.0,0.0,0.0,0.0,0.0,0.0,0.0,0.0,0.0,0.0,0.0,0.0,ERBB2 only
TCGA-E2-A152,0,46,0,0,0,20,16,0,0,0,0,0,0,0,0,0,0,0,0,0,0,0,0,0,0,0.0,56.09756097560975,0.0,0.0,0.0,14.482515012363123,10.486297045271627,0.0,0.0,0.0,0.0,0.0,0.0,0.0,0.0,0.0,0.0,0.0,0.0,0.0,0.0,0.0,0.0,0.0,ERBB2 only
TCGA-BH-A0B7,33,0,0,0,0,0,0,0,0,0,0,0,41,0,0,0,0,0,0,32,0,0,0,0,0,31.132075471698112,0.0,0.0,0.0,0.0,0.0,0.0,0.0,0.0,0.0,0.0,0.0,29.898183819482668,0.0,0.0,0.0,0.0,0.0,0.0,19.158205307108453,0.0,0.0,0.0,0.0,ERBB2 only
TCGA-EW-A1PH,0,40,0,0,0,0,39,0,0,0,0,0,0,0,0,0,0,0,0,75,38,0,0,0,0,0.0,20.833333333333332,0.0,0.0,0.0,0.0,18.324197337509787,0.0,0.0,0.0,0.0,0.0,0.0,0.0,0.0,0.0,0.0,0.0,0.0,32.44540629169304,14.415620872008967,0.0,0.0,0.0,ERBB2 only
TCGA-AC-A23C,25,0,0,0,0,0,0,0,0,0,0,0,0,0,0,0,0,0,0,61,56,0,0,0,45,13.368983957219251,0.0,0.0,0.0,0.0,0.0,0.0,0.0,0.0,0.0,0.0,0.0,0.0,0.0,0.0,0.0,0.0,0.0,0.0,30.443833569083775,24.262084142540452,0.0,0.0,0.0,ERBB2 only
TCGA-D8-A140,0,0,0,0,0,0,0,0,274,0,0,0,0,0,0,0,0,0,0,0,289,0,0,0,0,0.0,0.0,0.0,0.0,0.0,0.0,0.0,0.0,48.66785079928952,0.0,0.0,0.0,0.0,0.0,0.0,0.0,0.0,0.0,0.0,0.0,47.24786493557782,0.0,0.0,0.0,ERBB2 only
TCGA-C8-A12L,0,0,0,0,0,0,72,0,0,0,0,75,0,0,0,0,100,0,0,0,0,0,0,0,0,0.0,0.0,0.0,0.0,0.0,0.0,29.149797570850204,0.0,0.0,0.0,0.0,27.159172543212776,0.0,0.0,0.0,0.0,32.96968103593962,0.0,0.0,0.0,0.0,0.0,0.0,0.0,ERBB2 only
TCGA-A8-A07O,0,0,0,0,0,0,0,0,0,0,0,0,0,0,0,0,0,0,0,52,171,0,0,0,0,0.0,0.0,0.0,0.0,0.0,0.0,0.0,0.0,0.0,0.0,0.0,0.0,0.0,0.0,0.0,0.0,0.0,0.0,0.0,23.318385650224215,69.42234520927015,0.0,0.0,0.0,ERBB2 only
TCGA-C8-A1HL,0,39,0,0,0,0,0,45,0,0,0,0,0,0,0,0,0,0,38,0,0,0,0,0,0,0.0,31.9672131147541,0.0,0.0,0.0,0.0,0.0,29.227001703577514,0.0,0.0,0.0,0.0,0.0,0.0,0.0,0.0,0.0,0.0,20.74301311189521,0.0,0.0,0.0,0.0,0.0,ERBB2 only
TCGA-A1-A0SM,25,0,0,0,0,0,0,0,29,0,0,0,0,0,0,0,0,0,0,14,0,0,0,0,0,36.76470588235294,0.0,0.0,0.0,0.0,0.0,0.0,0.0,27.68107804604155,0.0,0.0,0.0,0.0,0.0,0.0,0.0,0.0,0.0,0.0,10.570362894729033,0.0,0.0,0.0,0.0,ERBB2 only
TCGA-AN-A0XU,0,0,0,0,0,0,0,0,0,0,79,0,0,0,0,0,114,0,0,74,0,0,0,0,0,0.0,0.0,0.0,0.0,0.0,0.0,0.0,0.0,0.0,0.0,29.588014981273407,0.0,0.0,0.0,0.0,0.0,38.43715667580093,0.0,0.0,22.08789257057528,0.0,0.0,0.0,0.0,ERBB2 only
TCGA-C8-A12Z,24,0,0,0,0,0,0,0,87,0,0,0,0,0,0,0,0,0,0,42,0,0,0,0,0,15.686274509803921,0.0,0.0,0.0,0.0,0.0,0.0,0.0,51.575031965593396,0.0,0.0,0.0,0.0,0.0,0.0,0.0,0.0,0.0,0.0,19.06826063645968,0.0,0.0,0.0,0.0,ERBB2 only
TCGA-AR-A0TX,26,0,0,54,0,0,66,0,0,0,0,0,0,0,0,0,0,0,0,0,0,0,0,0,0,17.80821917808219,0.0,0.0,32.96537882589062,0.0,0.0,33.541085119898796,0.0,0.0,0.0,0.0,0.0,0.0,0.0,0.0,0.0,0.0,0.0,0.0,0.0,0.0,0.0,0.0,0.0,ERBB2 only
TCGA-BH-A0BW,15,0,0,0,0,0,0,0,0,0,0,0,53,0,0,0,29,0,0,0,0,0,0,0,0,15.463917525773196,0.0,0.0,0.0,0.0,0.0,0.0,0.0,0.0,0.0,0.0,0.0,47.12622605188376,0.0,0.0,0.0,18.17154828605598,0.0,0.0,0.0,0.0,0.0,0.0,0.0,ERBB2 only
TCGA-B6-A0RH,21,0,0,0,0,0,0,0,111,0,0,0,0,0,0,0,0,0,0,0,0,0,0,0,0,15.909090909090908,0.0,0.0,0.0,0.0,0.0,0.0,0.0,75.04609711124769,0.0,0.0,0.0,0.0,0.0,0.0,0.0,0.0,0.0,0.0,0.0,0.0,0.0,0.0,0.0,ERBB2 only
TCGA-B6-A0IG,28,0,0,0,0,0,0,0,109,0,0,0,0,0,0,0,0,0,0,24,0,0,0,0,0,17.391304347826086,0.0,0.0,0.0,0.0,0.0,0.0,0.0,61.1016329514989,0.0,0.0,0.0,0.0,0.0,0.0,0.0,0.0,0.0,0.0,10.021172344637508,0.0,0.0,0.0,0.0,ERBB2 only
TCGA-D8-A1J9,17,0,0,0,0,0,0,0,118,0,0,0,0,0,0,0,0,0,0,43,0,0,0,0,0,9.55056179775281,0.0,0.0,0.0,0.0,0.0,0.0,0.0,62.9163671219746,0.0,0.0,0.0,0.0,0.0,0.0,0.0,0.0,0.0,0.0,17.167935178292996,0.0,0.0,0.0,0.0,ERBB2 only
TCGA-C8-A12P,0,0,0,0,53,0,0,88,91,0,0,0,0,0,0,0,0,0,0,99,0,0,0,0,0,0.0,0.0,0.0,0.0,16.012084592145015,0.0,0.0,25.35934738510025,24.437964941832806,0.0,0.0,0.0,0.0,0.0,0.0,0.0,0.0,0.0,0.0,24.94900593802954,0.0,0.0,0.0,0.0,ERBB2 only
TCGA-A2-A0T1,0,44,0,0,0,0,119,0,0,0,0,0,0,0,0,0,0,0,0,0,0,0,0,0,0,0.0,26.993865030674847,0.0,0.0,0.0,0.0,62.63360134327876,0.0,0.0,0.0,0.0,0.0,0.0,0.0,0.0,0.0,0.0,0.0,0.0,0.0,0.0,0.0,0.0,0.0,ERBB2 only
TCGA-A7-A26H,32,0,0,0,0,0,0,0,0,0,0,0,0,0,0,0,0,0,0,27,0,0,0,0,0,54.23728813559322,0.0,0.0,0.0,0.0,0.0,0.0,0.0,0.0,0.0,0.0,0.0,0.0,0.0,0.0,0.0,0.0,0.0,0.0,23.84373596766951,0.0,0.0,0.0,0.0,ERBB2 only
TCGA-JL-A3YW,0,0,0,0,0,0,0,0,0,0,0,0,0,0,0,0,143,0,0,0,48,0,0,54,0,0.0,0.0,0.0,0.0,0.0,0.0,0.0,0.0,0.0,0.0,0.0,0.0,0.0,0.0,0.0,0.0,58.36734693877551,0.0,0.0,0.0,15.822401614530776,0.0,0.0,16.91783656735508,ERBB2 only
TCGA-UL-AAZ6,0,0,0,0,0,0,0,0,0,0,0,0,0,0,0,0,0,0,300,320,0,0,0,0,0,0.0,0.0,0.0,0.0,0.0,0.0,0.0,0.0,0.0,0.0,0.0,0.0,0.0,0.0,0.0,0.0,0.0,0.0,48.38709677419355,47.87644787644788,0.0,0.0,0.0,0.0,ERBB2 only
TCGA-OL-A5RZ,0,0,0,0,0,0,0,141,0,0,0,0,0,0,0,0,0,0,178,222,0,0,0,0,0,0.0,0.0,0.0,0.0,0.0,0.0,0.0,26.062846580406653,0.0,0.0,0.0,0.0,0.0,0.0,0.0,0.0,0.0,0.0,31.389818795818513,37.095665679830624,0.0,0.0,0.0,0.0,ERBB2 only
TCGA-E2-A1B1,30,0,0,0,0,0,20,0,0,0,0,0,0,0,0,0,0,0,0,0,0,0,0,0,0,60.0,0.0,0.0,0.0,0.0,0.0,18.181818181818183,0.0,0.0,0.0,0.0,0.0,0.0,0.0,0.0,0.0,0.0,0.0,0.0,0.0,0.0,0.0,0.0,0.0,ERBB2 only
TCGA-A2-A0YM,0,0,0,0,0,0,0,0,0,0,127,0,0,0,0,0,0,0,0,71,0,0,0,0,0,0.0,0.0,0.0,0.0,0.0,0.0,0.0,0.0,0.0,0.0,64.14141414141415,0.0,0.0,0.0,0.0,0.0,0.0,0.0,0.0,27.084617755856968,0.0,0.0,0.0,0.0,ERBB2 only
TCGA-BH-A1EN,0,34,0,0,0,75,0,0,0,0,0,0,0,0,0,0,28,0,0,0,0,0,0,0,0,0.0,24.817518248175183,0.0,0.0,0.0,46.34850466868149,0.0,0.0,0.0,0.0,0.0,0.0,0.0,0.0,0.0,0.0,13.450802204730328,0.0,0.0,0.0,0.0,0.0,0.0,0.0,ERBB2 only
TCGA-E2-A15E,0,86,0,0,0,0,0,0,0,0,112,0,0,0,0,0,0,0,0,265,0,0,0,0,0,0.0,18.574514038876888,0.0,0.0,0.0,0.0,0.0,0.0,0.0,0.0,23.257044701281345,0.0,0.0,0.0,0.0,0.0,0.0,0.0,0.0,52.492756328729854,0.0,0.0,0.0,0.0,ERBB2 only
TCGA-B6-A1KN,0,42,0,0,25,32,0,46,0,0,0,0,0,0,0,0,0,0,0,0,0,0,0,0,0,0.0,28.96551724137931,0.0,0.0,14.370664023785928,16.99089351023108,0.0,22.40328025435447,0.0,0.0,0.0,0.0,0.0,0.0,0.0,0.0,0.0,0.0,0.0,0.0,0.0,0.0,0.0,0.0,ERBB2 only
TCGA-A2-A0YJ,0,0,0,0,0,0,38,0,0,0,0,0,0,0,0,0,30,79,0,0,0,0,0,0,0,0.0,0.0,0.0,0.0,0.0,0.0,25.85034013605442,0.0,0.0,0.0,0.0,0.0,0.0,0.0,0.0,0.0,17.35605494116258,41.53382958965645,0.0,0.0,0.0,0.0,0.0,0.0,ERBB2 only
TCGA-A2-A3XZ,0,0,0,0,0,0,0,0,275,0,0,0,0,0,0,0,0,0,0,0,0,0,0,0,0,0.0,0.0,0.0,0.0,0.0,0.0,0.0,0.0,100.0,0.0,0.0,0.0,0.0,0.0,0.0,0.0,0.0,0.0,0.0,0.0,0.0,0.0,0.0,0.0,ERBB2 only
TCGA-E2-A1B0,18,0,0,0,0,0,104,0,0,0,0,55,0,0,0,0,0,0,0,0,0,0,0,0,0,10.169491525423728,0.0,0.0,0.0,0.0,0.0,55.56461106583356,0.0,0.0,0.0,0.0,22.6585384636353,0.0,0.0,0.0,0.0,0.0,0.0,0.0,0.0,0.0,0.0,0.0,0.0,ERBB2 only
TCGA-AC-A3W5,0,47,0,0,0,0,0,0,0,0,0,0,0,0,0,0,44,0,42,0,0,0,0,0,0,0.0,35.338345864661655,0.0,0.0,0.0,0.0,0.0,0.0,0.0,0.0,0.0,0.0,0.0,0.0,0.0,0.0,26.137835544240478,0.0,21.5964750519713,0.0,0.0,0.0,0.0,0.0,ERBB2 only
TCGA-A1-A0SN,0,28,0,0,0,0,0,59,0,0,0,0,0,0,0,0,0,0,0,32,0,0,0,21,0,0.0,20.0,0.0,0.0,0.0,0.0,0.0,36.875,0.0,0.0,0.0,0.0,0.0,0.0,0.0,0.0,0.0,0.0,0.0,16.253968253968253,0.0,0.0,0.0,9.853188973812339,ERBB2 only
TCGA-A2-A0YG,0,33,0,0,0,0,0,0,0,0,0,0,0,0,0,0,0,0,0,131,45,0,0,0,0,0.0,15.789473684210526,0.0,0.0,0.0,0.0,0.0,0.0,0.0,0.0,0.0,0.0,0.0,0.0,0.0,0.0,0.0,0.0,0.0,58.276750175602906,15.897339988640233,0.0,0.0,0.0,ERBB2 only
TCGA-A2-A0EY,0,47,0,0,0,0,0,0,0,0,0,0,0,0,0,0,0,0,0,97,44,0,0,0,0,0.0,25.0,0.0,0.0,0.0,0.0,0.0,0.0,0.0,0.0,0.0,0.0,0.0,0.0,0.0,0.0,0.0,0.0,0.0,45.539906103286384,17.01864933083949,0.0,0.0,0.0,ERBB2 only
TCGA-A2-A0YE,0,0,0,0,0,0,0,0,0,0,60,0,0,26,0,0,0,0,0,77,0,0,0,0,0,0.0,0.0,0.0,0.0,0.0,0.0,0.0,0.0,0.0,0.0,36.809815950920246,0.0,0.0,13.012373729620192,0.0,0.0,0.0,0.0,0.0,36.18043781787128,0.0,0.0,0.0,0.0,ERBB2 only
TCGA-E2-A14P,0,0,0,0,0,0,0,0,0,286,0,0,0,0,0,0,0,0,0,105,141,0,0,0,0,0.0,0.0,0.0,0.0,0.0,0.0,0.0,0.0,0.0,53.7593984962406,0.0,0.0,0.0,0.0,0.0,0.0,0.0,0.0,0.0,17.925448617564758,23.356557759253977,0.0,0.0,0.0,ERBB2 only
TCGA-A8-A08R,0,0,0,0,0,0,0,0,0,0,0,0,0,22,0,0,156,0,0,0,0,0,0,0,0,0.0,0.0,0.0,0.0,0.0,0.0,0.0,0.0,0.0,0.0,0.0,0.0,0.0,12.359550561797754,0.0,0.0,81.95018297721639,0.0,0.0,0.0,0.0,0.0,0.0,0.0,ERBB2 only
TCGA-A2-A1G1,0,39,0,0,0,0,0,0,0,0,0,0,0,0,0,0,0,0,0,39,32,0,0,0,0,0.0,35.45454545454545,0.0,0.0,0.0,0.0,0.0,0.0,0.0,0.0,0.0,0.0,0.0,0.0,0.0,0.0,0.0,0.0,0.0,26.812500000000004,18.57581054784129,0.0,0.0,0.0,ERBB2 only
TCGA-A7-A13D,0,0,0,0,0,0,0,0,0,356,0,0,0,0,0,0,0,0,0,0,0,0,0,0,0,0.0,0.0,0.0,0.0,0.0,0.0,0.0,0.0,0.0,100.0,0.0,0.0,0.0,0.0,0.0,0.0,0.0,0.0,0.0,0.0,0.0,0.0,0.0,0.0,ERBB2 only
TCGA-C8-A26X,0,30,28,0,0,0,0,30,0,0,0,28,0,0,0,0,0,0,0,0,0,0,0,0,0,0.0,25.862068965517242,19.73748176956733,0.0,0.0,0.0,0.0,18.56440804664116,0.0,0.0,0.0,15.541399172918307,0.0,0.0,0.0,0.0,0.0,0.0,0.0,0.0,0.0,0.0,0.0,0.0,ERBB2 only
TCGA-A2-A04W,0,33,0,0,0,0,50,73,0,0,0,0,0,0,0,0,0,0,46,0,0,0,0,0,0,0.0,16.336633663366335,0.0,0.0,0.0,0.0,22.900417195719207,30.260691606050884,0.0,0.0,0.0,0.0,0.0,0.0,0.0,0.0,0.0,0.0,16.943050642826968,0.0,0.0,0.0,0.0,0.0,ERBB2 only
TCGA-AN-A0FT,0,0,0,0,0,0,196,0,0,0,0,0,0,0,0,0,0,123,0,0,0,0,0,0,0,0.0,0.0,0.0,0.0,0.0,0.0,61.442006269592476,0.0,0.0,0.0,0.0,0.0,0.0,0.0,0.0,0.0,0.0,32.33081467687313,0.0,0.0,0.0,0.0,0.0,0.0,ERBB2 only
TCGA-A8-A0A6,0,42,0,0,0,0,0,40,0,0,0,0,0,0,0,0,0,0,0,0,0,0,0,0,0,0.0,51.21951219512195,0.0,0.0,0.0,0.0,0.0,30.02563163676309,0.0,0.0,0.0,0.0,0.0,0.0,0.0,0.0,0.0,0.0,0.0,0.0,0.0,0.0,0.0,0.0,ERBB2 only
TCGA-AR-A1AX,31,0,0,0,0,0,0,0,0,0,0,0,0,0,0,0,0,0,0,0,0,0,0,0,0,100.0,0.0,0.0,0.0,0.0,0.0,0.0,0.0,0.0,0.0,0.0,0.0,0.0,0.0,0.0,0.0,0.0,0.0,0.0,0.0,0.0,0.0,0.0,0.0,ERBB2 only
TCGA-A8-A08B,0,34,0,0,0,0,85,0,0,0,0,0,0,0,0,0,0,0,43,0,0,0,0,0,0,0.0,20.987654320987655,0.0,0.0,0.0,0.0,46.4512211577385,0.0,0.0,0.0,0.0,0.0,0.0,0.0,0.0,0.0,0.0,0.0,18.741374978534104,0.0,0.0,0.0,0.0,0.0,ERBB2 only
TCGA-D8-A1XJ,0,42,0,0,0,0,0,0,0,0,49,0,0,0,0,0,0,0,41,46,0,0,0,0,0,0.0,23.59550561797753,0.0,0.0,0.0,0.0,0.0,0.0,0.0,0.0,24.306097425036228,0.0,0.0,0.0,0.0,0.0,0.0,0.0,18.149494933948397,18.848511799910973,0.0,0.0,0.0,0.0,ERBB2 only
TCGA-C8-A26W,21,0,0,0,0,0,0,0,61,0,0,0,0,0,0,0,0,0,0,27,28,0,0,0,0,15.328467153284672,0.0,0.0,0.0,0.0,0.0,0.0,0.0,40.04504288657818,0.0,0.0,0.0,0.0,0.0,0.0,0.0,0.0,0.0,0.0,14.035196423044509,13.565319254123485,0.0,0.0,0.0,ERBB2 only
TCGA-B6-A0I9,0,0,0,0,0,0,0,0,0,0,0,0,0,0,0,0,0,0,275,109,0,0,0,0,0,0.0,0.0,0.0,0.0,0.0,0.0,0.0,0.0,0.0,0.0,0.0,0.0,0.0,0.0,0.0,0.0,0.0,0.0,71.61458333333333,23.92372939481927,0.0,0.0,0.0,0.0,ERBB2 only
TCGA-BH-A1FU,14,25,0,0,0,0,11,0,0,0,0,0,0,0,0,0,0,0,0,0,0,0,0,0,0,28.0,32.05128205128205,0.0,0.0,0.0,0.0,9.995340167753962,0.0,0.0,0.0,0.0,0.0,0.0,0.0,0.0,0.0,0.0,0.0,0.0,0.0,0.0,0.0,0.0,0.0,ERBB2 only
TCGA-UU-A93S,0,0,0,0,0,0,0,0,0,0,167,0,0,0,0,0,0,0,269,213,0,0,0,0,0,0.0,0.0,0.0,0.0,0.0,0.0,0.0,0.0,0.0,0.0,25.731895223420647,0.0,0.0,0.0,0.0,0.0,0.0,0.0,39.86768698861158,29.806902397096525,0.0,0.0,0.0,0.0,ERBB2 only
TCGA-A8-A08X,0,39,0,0,0,0,0,0,0,0,0,0,0,0,0,0,0,0,0,77,0,0,0,0,0,0.0,33.62068965517241,0.0,0.0,0.0,0.0,0.0,0.0,0.0,0.0,0.0,0.0,0.0,0.0,0.0,0.0,0.0,0.0,0.0,51.46347084581701,0.0,0.0,0.0,0.0,ERBB2 only
TCGA-D8-A1X9,28,0,0,0,0,0,0,0,76,0,0,0,0,0,0,0,45,0,0,0,0,0,0,0,0,18.79194630872483,0.0,0.0,0.0,0.0,0.0,0.0,0.0,45.294188232470695,0.0,0.0,0.0,0.0,0.0,0.0,0.0,21.11822061857349,0.0,0.0,0.0,0.0,0.0,0.0,0.0,ERBB2 only
TCGA-E2-A15H,0,0,0,0,0,0,88,0,0,0,0,0,0,0,0,0,0,0,130,0,0,0,0,0,0,0.0,0.0,0.0,0.0,0.0,0.0,40.36697247706422,0.0,0.0,0.0,0.0,0.0,0.0,0.0,0.0,0.0,0.0,0.0,50.3160286911441,0.0,0.0,0.0,0.0,0.0,ERBB2 only
TCGA-EW-A2FR,0,42,0,0,0,0,48,0,0,0,0,0,0,0,0,0,0,0,0,40,0,0,0,0,0,0.0,32.30769230769231,0.0,0.0,0.0,0.0,29.573459715639807,0.0,0.0,0.0,0.0,0.0,0.0,0.0,0.0,0.0,0.0,0.0,0.0,20.846237151596906,0.0,0.0,0.0,0.0,ERBB2 only
TCGA-AC-A2FB,36,0,0,20,0,0,0,0,0,0,0,0,0,0,0,0,0,0,0,0,0,0,0,0,0,64.28571428571429,0.0,0.0,16.6270783847981,0.0,0.0,0.0,0.0,0.0,0.0,0.0,0.0,0.0,0.0,0.0,0.0,0.0,0.0,0.0,0.0,0.0,0.0,0.0,0.0,ERBB2 only
TCGA-OL-A5S0,0,0,0,0,125,0,0,0,0,0,0,0,0,0,0,0,155,0,0,0,0,0,0,0,0,0.0,0.0,0.0,0.0,44.642857142857146,0.0,0.0,0.0,0.0,0.0,0.0,0.0,0.0,0.0,0.0,0.0,47.74477447744774,0.0,0.0,0.0,0.0,0.0,0.0,0.0,ERBB2 only
TCGA-OL-A5RY,0,0,0,0,0,0,0,0,135,0,0,0,0,0,0,0,0,0,0,0,0,0,0,78,0,0.0,0.0,0.0,0.0,0.0,0.0,0.0,0.0,63.38028169014085,0.0,0.0,0.0,0.0,0.0,0.0,0.0,0.0,0.0,0.0,0.0,0.0,0.0,0.0,28.22198440605412,ERBB2 only
TCGA-EW-A1IW,29,0,0,0,0,0,0,0,71,0,0,0,0,0,0,0,0,0,0,0,0,0,0,0,0,29.0,0.0,0.0,0.0,0.0,0.0,0.0,0.0,55.03875968992248,0.0,0.0,0.0,0.0,0.0,0.0,0.0,0.0,0.0,0.0,0.0,0.0,0.0,0.0,0.0,ERBB2 only
TCGA-D8-A27N,0,0,0,0,0,0,104,0,111,0,0,0,0,0,0,0,0,0,0,0,0,0,0,0,0,0.0,0.0,0.0,0.0,0.0,0.0,48.372093023255815,0.0,42.14569536423841,0.0,0.0,0.0,0.0,0.0,0.0,0.0,0.0,0.0,0.0,0.0,0.0,0.0,0.0,0.0,ERBB2 only
TCGA-C8-A132,0,48,0,0,0,47,50,0,0,0,0,0,0,0,0,0,0,0,0,0,0,0,0,0,0,0.0,33.10344827586207,0.0,0.0,0.0,26.3891577928364,24.450761795858135,0.0,0.0,0.0,0.0,0.0,0.0,0.0,0.0,0.0,0.0,0.0,0.0,0.0,0.0,0.0,0.0,0.0,ERBB2 only
TCGA-A8-A09I,0,28,0,0,0,0,0,93,0,0,0,0,0,0,0,0,0,0,61,44,0,0,0,0,0,0.0,12.389380530973451,0.0,0.0,0.0,0.0,0.0,39.01180488529215,0.0,0.0,0.0,0.0,0.0,0.0,0.0,0.0,0.0,0.0,21.989812303240154,14.696500674754034,0.0,0.0,0.0,0.0,ERBB2 only
TCGA-AQ-A0Y5,0,29,0,0,0,0,0,103,0,0,0,0,0,0,0,0,0,0,66,0,0,0,0,0,0,0.0,14.646464646464647,0.0,0.0,0.0,0.0,0.0,48.437203116093485,0.0,0.0,0.0,0.0,0.0,0.0,0.0,0.0,0.0,0.0,25.279252649393428,0.0,0.0,0.0,0.0,0.0,ERBB2 only
TCGA-BH-A1F0,10,12,0,0,0,0,0,0,0,0,0,0,0,15,0,0,19,0,0,0,0,0,11,0,0,14.925373134328359,14.64747677172527,0.0,0.0,0.0,0.0,0.0,0.0,0.0,0.0,0.0,0.0,0.0,15.532315774663426,0.0,0.0,16.948371544370453,0.0,0.0,0.0,0.0,0.0,8.523594344271599,0.0,ERBB2 only
TCGA-AQ-A04H,0,37,0,0,0,0,0,0,0,0,59,0,0,0,0,0,0,0,0,63,26,0,0,0,0,0.0,20.0,0.0,0.0,0.0,0.0,0.0,0.0,0.0,0.0,28.78048780487805,0.0,0.0,0.0,0.0,0.0,0.0,0.0,0.0,26.948356807511736,9.97204587726098,0.0,0.0,0.0,ERBB2 only
TCGA-AN-A049,22,0,0,0,0,21,0,0,90,0,0,0,0,0,0,0,0,0,0,0,0,0,0,0,0,16.541353383458645,0.0,0.0,0.0,0.0,14.042938307607221,0.0,0.0,55.01750753059338,0.0,0.0,0.0,0.0,0.0,0.0,0.0,0.0,0.0,0.0,0.0,0.0,0.0,0.0,0.0,ERBB2 only
TCGA-AO-A0JM,0,36,0,0,0,0,0,67,0,0,0,0,0,0,0,0,0,0,124,0,0,0,0,0,0,0.0,15.859030837004406,0.0,0.0,0.0,0.0,0.0,27.588020823885795,0.0,0.0,0.0,0.0,0.0,0.0,0.0,0.0,0.0,0.0,45.85000991450329,0.0,0.0,0.0,0.0,0.0,ERBB2 only
TCGA-AC-A8OQ,0,0,0,0,0,0,0,0,0,0,388,0,0,0,0,0,0,0,0,172,0,0,0,0,0,0.0,0.0,0.0,0.0,0.0,0.0,0.0,0.0,0.0,0.0,69.28571428571429,0.0,0.0,0.0,0.0,0.0,0.0,0.0,0.0,27.332576617480132,0.0,0.0,0.0,0.0,ERBB2 only
TCGA-BH-A1EV,0,0,0,0,0,0,163,0,0,0,0,0,0,0,0,0,0,0,190,0,0,0,0,0,0,0.0,0.0,0.0,0.0,0.0,0.0,46.17563739376771,0.0,0.0,0.0,0.0,0.0,0.0,0.0,0.0,0.0,0.0,0.0,47.59809522457756,0.0,0.0,0.0,0.0,0.0,ERBB2 only
TCGA-C8-A278,0,30,29,0,0,0,52,0,0,0,0,0,0,0,0,0,0,0,0,0,0,0,0,0,0,0.0,27.027027027027028,21.010377912668886,0.0,0.0,0.0,32.69671057555136,0.0,0.0,0.0,0.0,0.0,0.0,0.0,0.0,0.0,0.0,0.0,0.0,0.0,0.0,0.0,0.0,0.0,ERBB2 only
TCGA-A8-A09G,20,0,0,0,0,0,16,0,55,0,0,0,0,0,0,0,0,0,0,0,0,0,0,0,0,21.978021978021978,0.0,0.0,0.0,0.0,0.0,14.162046493531756,0.0,43.259375790178744,0.0,0.0,0.0,0.0,0.0,0.0,0.0,0.0,0.0,0.0,0.0,0.0,0.0,0.0,0.0,ERBB2 only
TCGA-AO-A12D,0,46,0,0,0,0,127,0,0,0,0,0,0,0,0,0,0,0,0,0,0,0,0,0,0,0.0,26.589595375722542,0.0,0.0,0.0,0.0,63.630571403747574,0.0,0.0,0.0,0.0,0.0,0.0,0.0,0.0,0.0,0.0,0.0,0.0,0.0,0.0,0.0,0.0,0.0,ERBB2 only
TCGA-E2-A1LE,0,0,0,0,0,0,0,0,104,0,0,0,0,0,0,0,0,0,238,0,103,0,0,0,0,0.0,0.0,0.0,0.0,0.0,0.0,0.0,0.0,23.370786516853933,0.0,0.0,0.0,0.0,0.0,0.0,0.0,0.0,0.0,50.814441645675906,0.0,19.838777070859972,0.0,0.0,0.0,ERBB2 only
TCGA-B6-A0I1,0,0,0,0,0,0,0,0,45,0,0,0,0,0,0,0,0,0,0,29,133,0,0,0,0,0.0,0.0,0.0,0.0,0.0,0.0,0.0,0.0,21.73913043478261,0.0,0.0,0.0,0.0,0.0,0.0,0.0,0.0,0.0,0.0,12.678198061205093,55.091322908997576,0.0,0.0,0.0,ERBB2 only
TCGA-A7-A4SF,0,0,0,0,0,0,0,0,0,0,0,0,0,0,0,0,0,0,137,164,0,0,0,57,0,0.0,0.0,0.0,0.0,0.0,0.0,0.0,0.0,0.0,0.0,0.0,0.0,0.0,0.0,0.0,0.0,0.0,0.0,38.26815642458101,41.386116280381216,0.0,0.0,0.0,13.023978869829442,ERBB2 only
TCGA-E9-A22D,0,0,0,0,0,0,0,128,0,0,0,0,0,0,0,0,0,0,0,129,0,0,0,0,0,0.0,0.0,0.0,0.0,0.0,0.0,0.0,49.80544747081712,0.0,0.0,0.0,0.0,0.0,0.0,0.0,0.0,0.0,0.0,0.0,42.04618955218202,0.0,0.0,0.0,0.0,ERBB2 only
TCGA-AO-A0JE,22,0,0,0,0,0,0,0,104,0,0,0,0,0,0,0,0,0,0,63,0,0,0,0,0,11.640211640211641,0.0,0.0,0.0,0.0,0.0,0.0,0.0,51.83407610558793,0.0,0.0,0.0,0.0,0.0,0.0,0.0,0.0,0.0,0.0,24.953036034873666,0.0,0.0,0.0,0.0,ERBB2 only
TCGA-S3-AA10,0,0,0,0,0,0,0,0,0,238,0,0,0,0,0,0,105,0,0,0,0,0,0,0,0,0.0,0.0,0.0,0.0,0.0,0.0,0.0,0.0,0.0,69.38775510204081,0.0,0.0,0.0,0.0,0.0,0.0,25.46147374672143,0.0,0.0,0.0,0.0,0.0,0.0,0.0,ERBB2 only
TCGA-B6-A1KF,7,30,17,0,0,0,0,0,0,0,0,0,0,0,0,0,0,0,0,19,0,0,0,0,0,9.58904109589041,36.324431912423286,14.296109238026766,0.0,0.0,0.0,0.0,0.0,0.0,0.0,0.0,0.0,0.0,0.0,0.0,0.0,0.0,0.0,0.0,14.263238184220016,0.0,0.0,0.0,0.0,ERBB2 only
TCGA-AN-A0FV,0,41,0,0,0,49,0,0,54,0,0,0,0,0,0,0,0,0,0,52,0,0,0,0,0,0.0,20.918367346938776,0.0,0.0,0.0,22.58914291090413,0.0,0.0,22.54626585273508,0.0,0.0,0.0,0.0,0.0,0.0,0.0,0.0,0.0,0.0,19.843255369866423,0.0,0.0,0.0,0.0,ERBB2 only
TCGA-E2-A10C,9,33,0,0,0,0,32,0,0,0,0,0,0,0,0,0,0,0,0,0,0,0,0,0,0,12.162162162162161,38.29987452948557,0.0,0.0,0.0,0.0,25.710651095385312,0.0,0.0,0.0,0.0,0.0,0.0,0.0,0.0,0.0,0.0,0.0,0.0,0.0,0.0,0.0,0.0,0.0,Cogain
TCGA-A8-A092,0,25,0,0,0,0,0,0,0,0,0,0,0,0,0,12,12,0,0,0,0,0,0,0,0,0.0,51.02040816326531,0.0,0.0,0.0,0.0,0.0,0.0,0.0,0.0,0.0,0.0,0.0,0.0,0.0,11.99755152009794,10.712567907789008,0.0,0.0,0.0,0.0,0.0,0.0,0.0,Cogain
TCGA-A8-A09B,0,40,0,0,0,0,0,0,35,0,0,0,0,0,0,0,0,0,0,0,0,0,0,0,0,0.0,53.333333333333336,0.0,0.0,0.0,0.0,0.0,0.0,27.27272727272727,0.0,0.0,0.0,0.0,0.0,0.0,0.0,0.0,0.0,0.0,0.0,0.0,0.0,0.0,0.0,Cogain
TCGA-AR-A1AV,0,37,0,0,0,0,9,0,0,0,0,0,0,0,0,0,0,0,0,0,0,0,0,0,0,0.0,80.43478260869566,0.0,0.0,0.0,0.0,7.1182943603851445,0.0,0.0,0.0,0.0,0.0,0.0,0.0,0.0,0.0,0.0,0.0,0.0,0.0,0.0,0.0,0.0,0.0,Cogain
TCGA-BH-A1FN,0,25,0,0,0,55,51,0,0,0,0,0,0,0,0,0,67,42,0,0,0,0,0,0,0,0.0,10.416666666666666,0.0,0.0,0.0,21.963394342762065,18.72383749786831,0.0,0.0,0.0,0.0,0.0,0.0,0.0,0.0,0.0,23.01583741872166,13.37069760236008,0.0,0.0,0.0,0.0,0.0,0.0,Cogain
TCGA-C8-A1HG,0,33,0,0,0,0,56,0,0,70,0,0,0,0,0,0,0,0,0,55,36,0,0,0,0,0.0,13.2,0.0,0.0,0.0,0.0,21.27659574468085,0.0,0.0,24.606593669598517,0.0,0.0,0.0,0.0,0.0,0.0,0.0,0.0,0.0,17.794562073798456,11.01329161624297,0.0,0.0,0.0,Cogain
TCGA-E2-A14O,0,23,0,0,0,0,0,0,0,0,0,0,0,16,0,0,0,0,0,0,0,0,0,0,0,0.0,58.97435897435897,0.0,0.0,0.0,0.0,0.0,0.0,0.0,0.0,0.0,0.0,0.0,16.33080345459304,0.0,0.0,0.0,0.0,0.0,0.0,0.0,0.0,0.0,0.0,Cogain
TCGA-A8-A08G,0,0,0,0,0,0,0,0,0,0,0,0,0,0,0,0,0,0,137,97,0,0,0,0,0,0.0,0.0,0.0,0.0,0.0,0.0,0.0,0.0,0.0,0.0,0.0,0.0,0.0,0.0,0.0,0.0,0.0,0.0,58.547008547008545,33.157064391726074,0.0,0.0,0.0,0.0,Cogain
TCGA-E9-A1QZ,29,10,0,0,0,0,0,0,0,0,0,0,0,0,0,0,0,0,0,0,0,0,0,0,0,74.35897435897436,8.821533589685592,0.0,0.0,0.0,0.0,0.0,0.0,0.0,0.0,0.0,0.0,0.0,0.0,0.0,0.0,0.0,0.0,0.0,0.0,0.0,0.0,0.0,0.0,Cogain
TCGA-A2-A25E,31,0,0,0,0,0,0,0,58,0,0,0,0,0,0,0,0,0,0,0,0,0,0,0,0,34.831460674157306,0.0,0.0,0.0,0.0,0.0,0.0,0.0,46.83785500408311,0.0,0.0,0.0,0.0,0.0,0.0,0.0,0.0,0.0,0.0,0.0,0.0,0.0,0.0,0.0,Cogain
TCGA-A8-A09A,0,46,0,0,0,0,0,0,0,0,0,0,0,0,0,0,76,0,0,0,0,0,0,0,0,0.0,37.704918032786885,0.0,0.0,0.0,0.0,0.0,0.0,0.0,0.0,0.0,0.0,0.0,0.0,0.0,0.0,47.5877643194416,0.0,0.0,0.0,0.0,0.0,0.0,0.0,Cogain
TCGA-GM-A2DC,11,17,0,0,0,0,0,0,0,0,0,0,0,0,0,0,0,0,0,21,40,0,0,0,0,12.359550561797754,16.771976499279457,0.0,0.0,0.0,0.0,0.0,0.0,0.0,0.0,0.0,0.0,0.0,0.0,0.0,0.0,0.0,0.0,0.0,17.77679551127992,29.43160451318508,0.0,0.0,0.0,Cogain
TCGA-A8-A06O,0,32,0,0,0,0,19,0,0,55,0,0,0,0,0,0,0,0,0,0,0,0,0,0,0,0.0,30.18867924528302,0.0,0.0,0.0,0.0,13.951233028539761,0.0,0.0,36.63249775961762,0.0,0.0,0.0,0.0,0.0,0.0,0.0,0.0,0.0,0.0,0.0,0.0,0.0,0.0,Cogain
TCGA-E2-A105,0,57,0,0,0,0,0,96,0,0,0,0,0,0,0,0,0,0,0,0,0,0,0,0,0,0.0,37.254901960784316,0.0,0.0,0.0,0.0,0.0,50.45862104503762,0.0,0.0,0.0,0.0,0.0,0.0,0.0,0.0,0.0,0.0,0.0,0.0,0.0,0.0,0.0,0.0,Cogain
TCGA-E9-A1RE,0,26,0,0,0,0,0,0,0,0,0,0,0,0,0,0,59,0,120,0,0,0,0,0,0,0.0,12.682926829268293,0.0,0.0,0.0,0.0,0.0,0.0,0.0,0.0,0.0,0.0,0.0,0.0,0.0,0.0,27.103641456582633,0.0,49.022297604119075,0.0,0.0,0.0,0.0,0.0,Cogain
TCGA-A2-A1G0,13,18,0,0,0,0,0,0,29,0,0,0,0,0,0,0,0,0,0,0,0,0,0,0,0,21.666666666666668,22.04081632653061,0.0,0.0,0.0,0.0,0.0,0.0,27.96326664480157,0.0,0.0,0.0,0.0,0.0,0.0,0.0,0.0,0.0,0.0,0.0,0.0,0.0,0.0,0.0,Cogain
TCGA-D8-A1JT,18,23,0,0,0,0,0,0,0,0,0,0,0,0,0,0,0,0,0,0,12,0,0,0,0,33.9622641509434,26.448253417227164,0.0,0.0,0.0,0.0,0.0,0.0,0.0,0.0,0.0,0.0,0.0,0.0,0.0,0.0,0.0,0.0,0.0,0.0,10.581029217847325,0.0,0.0,0.0,Cogain
TCGA-A7-A4SB,0,0,0,0,0,109,0,0,0,0,0,0,0,0,0,0,0,0,0,175,0,0,0,0,0,0.0,0.0,0.0,0.0,0.0,38.38028169014085,0.0,0.0,0.0,0.0,0.0,0.0,0.0,0.0,0.0,0.0,0.0,0.0,0.0,54.283717069334614,0.0,0.0,0.0,0.0,Cogain
TCGA-B6-A0WY,0,44,0,0,30,0,0,0,0,0,0,0,0,0,0,0,0,0,0,0,0,0,0,0,0,0.0,59.45945945945946,0.0,0.0,22.47873633049818,0.0,0.0,0.0,0.0,0.0,0.0,0.0,0.0,0.0,0.0,0.0,0.0,0.0,0.0,0.0,0.0,0.0,0.0,0.0,Cogain
TCGA-A2-A0EV,0,42,0,0,0,0,0,0,0,0,0,0,0,0,0,0,0,0,30,0,0,0,0,0,0,0.0,58.333333333333336,0.0,0.0,0.0,0.0,0.0,0.0,0.0,0.0,0.0,0.0,0.0,0.0,0.0,0.0,0.0,0.0,23.01790281329923,0.0,0.0,0.0,0.0,0.0,Cogain
TCGA-A2-A1FX,16,0,0,15,0,0,0,0,0,0,0,0,26,0,0,0,0,0,0,17,0,0,0,0,0,21.62162162162162,0.0,0.0,15.686828716789147,0.0,0.0,0.0,0.0,0.0,0.0,0.0,0.0,23.35851403999631,0.0,0.0,0.0,0.0,0.0,0.0,12.62373446855971,0.0,0.0,0.0,0.0,Cogain
TCGA-C8-A26Z,0,45,0,0,0,38,0,0,0,0,0,0,0,0,0,0,0,0,52,0,0,0,0,0,0,0.0,33.333333333333336,0.0,0.0,0.0,22.574257425742573,0.0,0.0,0.0,0.0,0.0,0.0,0.0,0.0,0.0,0.0,0.0,0.0,27.23830927478607,0.0,0.0,0.0,0.0,0.0,Cogain
TCGA-BH-A1FG,46,0,0,0,0,0,0,0,0,0,0,0,0,0,0,0,0,0,0,0,0,0,0,0,0,100.0,0.0,0.0,0.0,0.0,0.0,0.0,0.0,0.0,0.0,0.0,0.0,0.0,0.0,0.0,0.0,0.0,0.0,0.0,0.0,0.0,0.0,0.0,0.0,Cogain
TCGA-C8-A1HN,0,0,0,0,0,0,0,104,0,0,0,0,0,0,0,0,0,0,0,201,105,0,0,0,0,0.0,0.0,0.0,0.0,0.0,0.0,0.0,25.365853658536587,0.0,0.0,0.0,0.0,0.0,0.0,0.0,0.0,0.0,0.0,0.0,46.168067226890756,21.80531743369808,0.0,0.0,0.0,Cogain
TCGA-E2-A574,0,0,111,0,0,0,0,0,0,0,168,0,0,0,0,0,0,0,0,65,0,0,0,0,0,0.0,0.0,32.26744186046512,0.0,0.0,0.0,0.0,0.0,0.0,0.0,44.64909298804042,0.0,0.0,0.0,0.0,0.0,0.0,0.0,0.0,15.442491472423272,0.0,0.0,0.0,0.0,Cogain
TCGA-D8-A1XB,24,0,0,0,0,0,0,0,24,0,0,0,0,0,0,0,0,0,0,0,0,0,0,0,0,50.0,0.0,0.0,0.0,0.0,0.0,0.0,0.0,24.489795918367346,0.0,0.0,0.0,0.0,0.0,0.0,0.0,0.0,0.0,0.0,0.0,0.0,0.0,0.0,0.0,Cogain
TCGA-D8-A27R,0,49,0,0,30,0,64,0,0,0,0,0,0,0,0,0,0,0,0,0,0,0,0,0,0,0.0,34.26573426573427,0.0,0.0,16.923744526411298,0.0,32.95750130134683,0.0,0.0,0.0,0.0,0.0,0.0,0.0,0.0,0.0,0.0,0.0,0.0,0.0,0.0,0.0,0.0,0.0,Cogain
TCGA-AO-A124,0,0,0,0,0,0,0,0,0,244,0,0,0,0,0,0,0,0,0,92,0,0,0,0,0,0.0,0.0,0.0,0.0,0.0,0.0,0.0,0.0,0.0,72.61904761904762,0.0,0.0,0.0,0.0,0.0,0.0,0.0,0.0,0.0,22.514858408110943,0.0,0.0,0.0,0.0,Cogain
TCGA-C8-A3M8,20,0,0,0,0,0,0,0,55,0,22,0,0,0,0,0,0,0,0,0,33,0,0,0,0,15.384615384615385,0.0,0.0,0.0,0.0,0.0,0.0,0.0,37.83068783068783,0.0,12.007730584681003,0.0,0.0,0.0,0.0,0.0,0.0,0.0,0.0,0.0,16.90374304592057,0.0,0.0,0.0,Cogain
TCGA-A8-A06N,0,42,0,0,0,24,0,0,0,0,0,0,0,0,0,0,0,0,0,0,0,0,0,0,0,0.0,63.63636363636363,0.0,0.0,0.0,18.513323983169705,0.0,0.0,0.0,0.0,0.0,0.0,0.0,0.0,0.0,0.0,0.0,0.0,0.0,0.0,0.0,0.0,0.0,0.0,Cogain
TCGA-A8-A06Z,0,32,0,0,0,42,0,0,33,91,0,0,0,0,0,0,0,0,0,0,0,0,0,0,0,0.0,16.161616161616163,0.0,0.0,0.0,19.611357419111403,0.0,0.0,14.116259674732795,36.709944520349794,0.0,0.0,0.0,0.0,0.0,0.0,0.0,0.0,0.0,0.0,0.0,0.0,0.0,0.0,Cogain
TCGA-D8-A1JC,24,0,0,0,0,0,35,0,68,0,0,0,0,0,0,0,0,0,0,0,0,0,0,0,0,18.89763779527559,0.0,0.0,0.0,0.0,0.0,23.98942198715527,0.0,40.02659183523778,0.0,0.0,0.0,0.0,0.0,0.0,0.0,0.0,0.0,0.0,0.0,0.0,0.0,0.0,0.0,Cogain
TCGA-BH-A0AU,0,42,0,0,32,0,63,0,0,0,0,0,0,0,0,0,0,0,0,0,0,0,0,0,0,0.0,30.656934306569344,0.0,0.0,19.086594975836995,0.0,33.736108684508736,0.0,0.0,0.0,0.0,0.0,0.0,0.0,0.0,0.0,0.0,0.0,0.0,0.0,0.0,0.0,0.0,0.0,Cogain
TCGA-AR-A1AK,20,13,0,0,0,0,0,0,21,0,0,0,0,0,0,0,0,0,0,0,0,0,0,0,0,37.03703703703704,14.279902359641985,0.0,0.0,0.0,0.0,0.0,0.0,19.939812266004946,0.0,0.0,0.0,0.0,0.0,0.0,0.0,0.0,0.0,0.0,0.0,0.0,0.0,0.0,0.0,Cogain
TCGA-E9-A1RH,0,28,0,0,0,0,55,0,0,0,53,35,0,0,0,0,0,0,0,0,0,0,0,0,0,0.0,16.374269005847953,0.0,0.0,0.0,0.0,29.353016447676413,0.0,0.0,0.0,24.45469655059444,14.511863493767242,0.0,0.0,0.0,0.0,0.0,0.0,0.0,0.0,0.0,0.0,0.0,0.0,Cogain
TCGA-E2-A1IJ,31,0,0,0,0,0,0,0,24,0,0,0,0,0,0,0,0,0,0,0,0,0,0,0,0,56.36363636363637,0.0,0.0,0.0,0.0,0.0,0.0,0.0,21.551020408163264,0.0,0.0,0.0,0.0,0.0,0.0,0.0,0.0,0.0,0.0,0.0,0.0,0.0,0.0,0.0,Cogain
TCGA-AR-A2LK,6,16,0,0,0,0,0,0,0,0,0,0,0,7,0,8,0,0,0,0,0,0,0,0,0,16.216216216216218,30.066023362112748,0.0,0.0,0.0,0.0,0.0,0.0,0.0,0.0,0.0,0.0,0.0,8.405153410189373,0.0,8.72529989046783,0.0,0.0,0.0,0.0,0.0,0.0,0.0,0.0,Cogain
TCGA-EW-A1J5,47,0,0,0,0,0,0,0,0,0,0,0,0,0,0,0,0,0,0,0,0,0,0,0,0,100.0,0.0,0.0,0.0,0.0,0.0,0.0,0.0,0.0,0.0,0.0,0.0,0.0,0.0,0.0,0.0,0.0,0.0,0.0,0.0,0.0,0.0,0.0,0.0,Cogain
TCGA-E2-A1IH,0,49,0,0,0,0,0,0,0,0,0,0,0,0,0,0,0,0,47,0,0,0,0,0,19,0.0,42.608695652173914,0.0,0.0,0.0,0.0,0.0,0.0,0.0,0.0,0.0,0.0,0.0,0.0,0.0,0.0,0.0,0.0,29.820689655172416,0.0,0.0,0.0,0.0,0.0,Cogain
TCGA-EW-A1P5,0,43,0,0,0,0,0,0,0,0,0,0,0,0,0,0,0,0,0,0,0,0,0,0,0,0.0,100.0,0.0,0.0,0.0,0.0,0.0,0.0,0.0,0.0,0.0,0.0,0.0,0.0,0.0,0.0,0.0,0.0,0.0,0.0,0.0,0.0,0.0,0.0,Cogain
TCGA-E9-A228,29,0,0,0,0,0,61,0,81,0,0,0,0,0,0,0,0,0,0,0,0,0,0,0,0,16.95906432748538,0.0,0.0,0.0,0.0,0.0,32.453875112784296,0.0,36.7492036564171,0.0,0.0,0.0,0.0,0.0,0.0,0.0,0.0,0.0,0.0,0.0,0.0,0.0,0.0,0.0,Cogain
TCGA-B6-A1KC,0,17,0,0,0,0,0,11,0,0,0,12,0,0,0,16,0,0,0,0,0,0,0,0,0,0.0,30.357142857142858,0.0,0.0,0.0,0.0,0.0,12.737799834574027,0.0,0.0,0.0,12.109598809024845,0.0,0.0,0.0,14.387901594732336,0.0,0.0,0.0,0.0,0.0,0.0,0.0,0.0,Cogain
TCGA-BH-A0HU,14,0,0,0,0,0,0,0,0,0,0,0,34,0,0,0,0,0,0,0,36,0,0,0,0,16.666666666666668,0.0,0.0,0.0,0.0,0.0,0.0,0.0,0.0,0.0,0.0,0.0,33.77483443708609,0.0,0.0,0.0,0.0,0.0,0.0,0.0,26.77744573248826,0.0,0.0,0.0,Cogain
TCGA-E2-A1LK,0,44,0,0,0,0,0,25,0,0,22,0,0,0,0,0,0,0,0,0,0,0,0,0,0,0.0,48.35164835164835,0.0,0.0,0.0,0.0,0.0,17.94022553426386,0.0,0.0,13.986736540475803,0.0,0.0,0.0,0.0,0.0,0.0,0.0,0.0,0.0,0.0,0.0,0.0,0.0,Cogain
TCGA-B6-A402,0,0,0,0,0,138,0,0,0,151,0,0,0,0,0,0,0,0,0,132,0,0,0,0,0,0.0,0.0,0.0,0.0,0.0,32.779097387173394,0.0,0.0,0.0,33.27610303547406,0.0,0.0,0.0,0.0,0.0,0.0,0.0,0.0,0.0,27.1016508776532,0.0,0.0,0.0,0.0,Cogain
TCGA-E9-A54Y,0,0,0,0,0,0,0,0,104,0,0,0,0,0,0,0,43,0,0,0,52,0,0,53,0,0.0,0.0,0.0,0.0,0.0,0.0,0.0,0.0,41.26984126984127,0.0,0.0,0.0,0.0,0.0,0.0,0.0,14.662264559428447,0.0,0.0,0.0,16.886839344004926,0.0,0.0,16.316782252872336,Cogain
TCGA-D8-A27W,0,23,0,0,17,0,31,0,0,0,0,0,0,0,0,22,0,0,0,0,0,0,0,0,0,0.0,24.731182795698924,0.0,0.0,14.439674856151246,0.0,23.454489552951802,0.0,0.0,0.0,0.0,0.0,0.0,0.0,0.0,14.13651464568181,0.0,0.0,0.0,0.0,0.0,0.0,0.0,0.0,Cogain
TCGA-MS-A51U,0,0,0,0,0,66,0,0,0,0,0,0,0,0,0,0,95,0,0,117,0,0,0,0,0,0.0,0.0,0.0,0.0,0.0,23.741007194244606,0.0,0.0,0.0,0.0,0.0,0.0,0.0,0.0,0.0,0.0,31.48395403175814,0.0,0.0,35.11141529420038,0.0,0.0,0.0,0.0,Cogain
TCGA-AO-A03P,0,0,0,0,0,0,0,225,0,0,0,0,0,0,0,0,0,0,0,86,0,0,0,0,0,0.0,0.0,0.0,0.0,0.0,0.0,0.0,72.34726688102894,0.0,0.0,0.0,0.0,0.0,0.0,0.0,0.0,0.0,0.0,0.0,22.4339671702133,0.0,0.0,0.0,0.0,Cogain
TCGA-S3-A6ZH,0,0,0,0,0,75,0,0,0,0,0,0,0,0,0,0,158,0,0,76,0,0,0,0,0,0.0,0.0,0.0,0.0,0.0,24.271844660194176,0.0,0.0,0.0,0.0,0.0,0.0,0.0,0.0,0.0,0.0,47.408745302531536,0.0,0.0,19.964243516445514,0.0,0.0,0.0,0.0,Cogain
TCGA-E2-A14W,34,0,0,0,0,0,0,0,81,0,0,0,0,0,0,0,0,0,0,0,0,0,0,0,0,29.565217391304348,0.0,0.0,0.0,0.0,0.0,0.0,0.0,56.03007518796993,0.0,0.0,0.0,0.0,0.0,0.0,0.0,0.0,0.0,0.0,0.0,0.0,0.0,0.0,0.0,Cogain
TCGA-AC-A3QQ,35,0,0,0,0,0,0,0,0,0,0,0,0,0,0,0,0,0,0,25,0,0,0,0,0,58.333333333333336,0.0,0.0,0.0,0.0,0.0,0.0,0.0,0.0,0.0,0.0,0.0,0.0,0.0,0.0,0.0,0.0,0.0,0.0,21.12676056338028,0.0,0.0,0.0,0.0,Cogain
TCGA-AR-A0U2,0,23,0,0,0,0,34,0,33,0,0,0,0,0,0,0,34,0,0,0,0,0,0,0,0,0.0,18.548387096774192,0.0,0.0,0.0,0.0,23.851550124462545,0.0,19.831738251274043,0.0,0.0,0.0,0.0,0.0,0.0,0.0,18.25682978673446,0.0,0.0,0.0,0.0,0.0,0.0,0.0,Cogain
TCGA-BH-A1FJ,27,0,0,0,0,0,0,0,15,0,0,0,0,0,0,0,0,0,0,0,0,0,0,0,0,64.28571428571429,0.0,0.0,0.0,0.0,0.0,0.0,0.0,14.11290322580645,0.0,0.0,0.0,0.0,0.0,0.0,0.0,0.0,0.0,0.0,0.0,0.0,0.0,0.0,0.0,Cogain
TCGA-S3-A6ZG,0,41,0,0,0,0,0,0,0,0,0,0,0,0,0,0,0,0,87,100,0,0,0,0,0,0.0,17.982456140350877,0.0,0.0,0.0,0.0,0.0,0.0,0.0,0.0,0.0,0.0,0.0,0.0,0.0,0.0,0.0,0.0,35.368376007417446,35.542812948738316,0.0,0.0,0.0,0.0,Cogain
TCGA-A8-A09R,0,32,0,0,0,0,28,0,0,0,0,0,0,0,0,0,0,0,0,0,32,0,0,0,0,0.0,34.78260869565217,0.0,0.0,0.0,0.0,22.08504801097394,0.0,0.0,0.0,0.0,0.0,0.0,0.0,0.0,0.0,0.0,0.0,0.0,0.0,21.49560267685444,0.0,0.0,0.0,Cogain
TCGA-E9-A1R6,0,23,0,69,0,0,0,0,0,0,0,0,0,0,0,0,0,0,0,31,0,0,0,0,0,0.0,18.69918699186992,0.0,48.69470422858455,0.0,0.0,0.0,0.0,0.0,0.0,0.0,0.0,0.0,0.0,0.0,0.0,0.0,0.0,0.0,16.282034996650985,0.0,0.0,0.0,0.0,Cogain
TCGA-A2-A0D4,0,27,0,0,0,47,27,0,0,0,0,30,0,0,0,0,0,0,0,0,0,0,0,0,0,0.0,20.610687022900763,0.0,0.0,0.0,31.000453149388246,14.785516357066813,0.0,0.0,0.0,0.0,15.197825802859304,0.0,0.0,0.0,0.0,0.0,0.0,0.0,0.0,0.0,0.0,0.0,0.0,Cogain
TCGA-EW-A1PD,24,13,0,0,0,0,0,0,40,0,0,0,0,0,0,0,0,0,0,0,0,0,0,0,0,31.16883116883117,12.018249489734663,0.0,0.0,0.0,0.0,0.0,0.0,33.281447374226715,0.0,0.0,0.0,0.0,0.0,0.0,0.0,0.0,0.0,0.0,0.0,0.0,0.0,0.0,0.0,Cogain
TCGA-A7-A2KD,0,42,0,0,0,0,72,0,0,0,50,0,0,0,0,0,0,0,52,59,0,0,0,0,0,0.0,15.272727272727273,0.0,0.0,0.0,0.0,24.804259317256502,0.0,0.0,0.0,15.869137426106606,0.0,0.0,0.0,0.0,0.0,0.0,0.0,15.712527274521518,17.019624284679676,0.0,0.0,0.0,0.0,Cogain
TCGA-E9-A2JS,0,33,0,0,0,0,0,0,26,0,0,0,0,0,0,0,0,32,0,38,0,0,0,0,0,0.0,25.58139534883721,0.0,0.0,0.0,0.0,0.0,0.0,16.819617872724535,0.0,0.0,0.0,0.0,0.0,0.0,0.0,0.0,18.6696679316797,0.0,19.992562645347235,0.0,0.0,0.0,0.0,Cogain
TCGA-B6-A0RS,0,0,0,0,0,0,0,0,0,0,0,0,0,0,0,0,203,0,0,0,0,0,0,0,0,0.0,0.0,0.0,0.0,0.0,0.0,0.0,0.0,0.0,0.0,0.0,0.0,0.0,0.0,0.0,0.0,100.0,0.0,0.0,0.0,0.0,0.0,0.0,0.0,Cogain
TCGA-B6-A1KI,0,8,0,0,0,0,0,0,0,0,0,0,0,0,0,19,0,0,0,0,0,0,0,0,0,0.0,29.62962962962963,0.0,0.0,0.0,0.0,0.0,0.0,0.0,0.0,0.0,0.0,0.0,0.0,0.0,33.55134074558535,0.0,0.0,0.0,0.0,0.0,0.0,0.0,0.0,Cogain
TCGA-AR-A250,0,36,35,0,0,0,76,0,0,0,0,0,0,0,0,0,0,0,0,0,0,0,0,0,0,0.0,24.489795918367346,20.40937760323694,0.0,0.0,0.0,39.604130963828155,0.0,0.0,0.0,0.0,0.0,0.0,0.0,0.0,0.0,0.0,0.0,0.0,0.0,0.0,0.0,0.0,0.0,Cogain
TCGA-AR-A255,8,16,0,0,0,31,0,0,0,0,0,0,0,12,0,0,39,0,0,0,0,0,0,0,0,7.547169811320755,14.091060152874709,0.0,0.0,0.0,24.28739415196841,0.0,0.0,0.0,0.0,0.0,0.0,0.0,7.898601746618252,0.0,0.0,24.40180754166996,0.0,0.0,0.0,0.0,0.0,0.0,0.0,Cogain
TCGA-AN-A0XL,20,19,0,0,0,0,0,0,0,0,0,0,0,0,0,0,0,0,0,0,12,0,0,0,0,39.21568627450981,21.060638991523582,0.0,0.0,0.0,0.0,0.0,0.0,0.0,0.0,0.0,0.0,0.0,0.0,0.0,0.0,0.0,0.0,0.0,0.0,10.783965026982202,0.0,0.0,0.0,Cogain
TCGA-AN-A04C,0,52,0,0,0,0,121,0,0,0,0,0,0,0,0,0,0,0,0,74,0,0,0,0,0,0.0,21.05263157894737,0.0,0.0,0.0,0.0,45.14038876889848,0.0,0.0,0.0,0.0,0.0,0.0,0.0,0.0,0.0,0.0,0.0,0.0,23.627601891578667,0.0,0.0,0.0,0.0,Cogain
TCGA-BH-A0C7,0,42,0,0,35,0,0,0,0,0,0,0,0,0,0,0,0,0,0,39,0,0,0,0,0,0.0,36.206896551724135,0.0,0.0,22.99501585863163,0.0,0.0,0.0,0.0,0.0,0.0,0.0,0.0,0.0,0.0,0.0,0.0,0.0,0.0,22.26003099135966,0.0,0.0,0.0,0.0,Cogain
TCGA-BH-A18L,0,53,0,0,0,0,0,27,0,0,0,0,0,0,0,0,0,0,0,0,0,0,0,0,0,0.0,66.25,0.0,0.0,0.0,0.0,0.0,18.46153846153846,0.0,0.0,0.0,0.0,0.0,0.0,0.0,0.0,0.0,0.0,0.0,0.0,0.0,0.0,0.0,0.0,Cogain
TCGA-AN-A041,0,44,0,0,0,0,27,0,0,0,0,0,0,0,0,0,0,0,0,32,0,0,0,0,0,0.0,42.71844660194175,0.0,0.0,0.0,0.0,18.52888267039776,0.0,0.0,0.0,0.0,0.0,0.0,0.0,0.0,0.0,0.0,0.0,0.0,19.48281298805206,0.0,0.0,0.0,0.0,Cogain
TCGA-AR-A1AW,17,0,0,0,0,0,11,0,19,0,0,0,15,0,0,0,0,0,0,0,0,0,0,0,0,27.419354838709676,0.0,0.0,0.0,0.0,0.0,12.3015873015873,0.0,18.678552911744127,0.0,0.0,0.0,12.458524010849418,0.0,0.0,0.0,0.0,0.0,0.0,0.0,0.0,0.0,0.0,0.0,Cogain
TCGA-BH-A1F2,0,36,0,0,0,0,21,0,0,0,0,0,0,0,0,0,39,0,22,0,0,0,0,0,0,0.0,30.508474576271187,0.0,0.0,0.0,0.0,14.140607167313398,0.0,0.0,0.0,0.0,0.0,0.0,0.0,0.0,0.0,23.978001954836298,0.0,11.788213995537106,0.0,0.0,0.0,0.0,0.0,Cogain
TCGA-B6-A0RG,37,0,0,0,0,0,0,0,46,0,0,0,0,0,0,0,0,0,0,0,0,0,0,0,0,44.57831325301205,0.0,0.0,0.0,0.0,0.0,0.0,0.0,36.05628482387383,0.0,0.0,0.0,0.0,0.0,0.0,0.0,0.0,0.0,0.0,0.0,0.0,0.0,0.0,0.0,Cogain
TCGA-5T-A9QA,0,46,0,0,0,89,0,0,0,0,0,0,0,0,0,0,0,0,0,163,0,0,0,0,0,0.0,15.436241610738255,0.0,0.0,0.0,28.394929553338187,0.0,0.0,0.0,0.0,0.0,0.0,0.0,0.0,0.0,0.0,0.0,0.0,0.0,47.68435817158442,0.0,0.0,0.0,0.0,Cogain
TCGA-D8-A1XF,0,34,0,0,0,0,26,0,0,0,0,23,0,0,0,0,0,0,0,0,0,0,0,0,0,0.0,40.963855421686745,0.0,0.0,0.0,0.0,20.973855573913887,0.0,0.0,0.0,0.0,15.868885911064325,0.0,0.0,0.0,0.0,0.0,0.0,0.0,0.0,0.0,0.0,0.0,0.0,Cogain
TCGA-E9-A5UO,0,0,0,0,0,0,0,0,430,0,0,0,0,0,0,0,0,0,0,0,0,0,0,0,0,0.0,0.0,0.0,0.0,0.0,0.0,0.0,0.0,100.0,0.0,0.0,0.0,0.0,0.0,0.0,0.0,0.0,0.0,0.0,0.0,0.0,0.0,0.0,0.0,Cogain
TCGA-A8-A090,0,34,0,0,0,0,16,0,0,0,0,0,0,0,0,0,0,0,49,0,0,0,0,0,0,0.0,34.343434343434346,0.0,0.0,0.0,0.0,11.999090977956214,0.0,0.0,0.0,0.0,0.0,0.0,0.0,0.0,0.0,0.0,0.0,33.71346403376996,0.0,0.0,0.0,0.0,0.0,Cogain
TCGA-A2-A0CU,0,30,0,0,0,42,0,0,0,0,0,0,0,0,0,0,0,0,0,38,0,0,0,0,0,0.0,27.272727272727273,0.0,0.0,0.0,30.596026490066222,0.0,0.0,0.0,0.0,0.0,0.0,0.0,0.0,0.0,0.0,0.0,0.0,0.0,22.636732058960654,0.0,0.0,0.0,0.0,Cogain
TCGA-A8-A097,0,33,0,0,0,0,0,41,0,0,0,0,0,0,0,0,46,0,49,0,0,0,0,0,0,0.0,19.526627218934912,0.0,0.0,0.0,0.0,0.0,21.747591098835567,0.0,0.0,0.0,0.0,0.0,0.0,0.0,0.0,21.876195935007072,0.0,21.107005196487062,0.0,0.0,0.0,0.0,0.0,Cogain
TCGA-A8-A081,0,34,0,0,0,0,0,0,0,52,0,0,0,0,0,0,0,0,0,51,41,0,0,0,0,0.0,19.10112359550562,0.0,0.0,0.0,0.0,0.0,0.0,0.0,26.38239653403261,0.0,0.0,0.0,0.0,0.0,0.0,0.0,0.0,0.0,22.820474624007517,16.64609623608623,0.0,0.0,0.0,Cogain
TCGA-E2-A107,0,26,0,0,0,13,0,0,0,0,0,0,0,0,0,12,0,0,0,0,0,0,0,0,0,0.0,50.98039215686274,0.0,0.0,0.0,12.747548548356086,0.0,0.0,0.0,0.0,0.0,0.0,0.0,0.0,0.0,10.459527056998885,0.0,0.0,0.0,0.0,0.0,0.0,0.0,0.0,Cogain
TCGA-D8-A1Y2,19,9,0,0,0,0,0,0,21,0,0,0,0,0,0,0,0,0,0,0,0,0,0,0,0,38.775510204081634,10.253429435015114,0.0,0.0,0.0,0.0,0.0,0.0,21.422245387243382,0.0,0.0,0.0,0.0,0.0,0.0,0.0,0.0,0.0,0.0,0.0,0.0,0.0,0.0,0.0,Cogain
TCGA-E2-A15A,0,52,0,0,77,0,0,65,0,0,0,0,0,0,0,0,115,0,92,0,0,0,0,0,0,0.0,12.967581047381547,0.0,0.0,18.600490358491818,0.0,0.0,15.026536699471583,0.0,0.0,0.0,0.0,0.0,0.0,0.0,0.0,25.692892165701387,0.0,19.438501956487897,0.0,0.0,0.0,0.0,0.0,Cogain
TCGA-D8-A147,0,0,0,0,0,0,0,0,0,0,0,0,0,0,0,0,129,0,0,65,0,0,0,0,0,0.0,0.0,0.0,0.0,0.0,0.0,0.0,0.0,0.0,0.0,0.0,0.0,0.0,0.0,0.0,0.0,66.49484536082474,0.0,0.0,24.952509102422034,0.0,0.0,0.0,0.0,Cogain
TCGA-B6-A0IN,0,0,0,0,0,0,0,0,0,0,0,0,0,0,0,0,0,0,0,74,102,0,0,0,49,0.0,0.0,0.0,0.0,0.0,0.0,0.0,0.0,0.0,0.0,0.0,0.0,0.0,0.0,0.0,0.0,0.0,0.0,0.0,32.888888888888886,39.551917277035756,0.0,0.0,0.0,Cogain
TCGA-AR-A24V,0,34,0,0,15,0,27,0,0,0,0,0,0,0,0,0,0,0,0,0,0,0,0,0,0,0.0,44.73684210526316,0.0,0.0,12.423714036617262,0.0,20.276274583317253,0.0,0.0,0.0,0.0,0.0,0.0,0.0,0.0,0.0,0.0,0.0,0.0,0.0,0.0,0.0,0.0,0.0,Cogain
TCGA-A2-A0EU,0,20,0,0,0,0,0,0,0,0,0,0,0,0,0,11,0,0,0,0,0,0,0,0,0,0.0,64.51612903225806,0.0,0.0,0.0,0.0,0.0,0.0,0.0,0.0,0.0,0.0,0.0,0.0,0.0,11.516379601485985,0.0,0.0,0.0,0.0,0.0,0.0,0.0,0.0,Cogain
TCGA-A7-A0CD,0,29,0,0,0,0,0,0,0,0,0,0,0,4,0,0,0,0,0,0,0,0,0,0,0,0.0,87.87878787878788,0.0,0.0,0.0,0.0,0.0,0.0,0.0,0.0,0.0,0.0,0.0,3.3091000250689397,0.0,0.0,0.0,0.0,0.0,0.0,0.0,0.0,0.0,0.0,Cogain
TCGA-A1-A0SH,39,0,0,0,0,0,0,0,0,0,0,0,0,0,0,0,0,0,0,0,0,0,16,0,0,70.9090909090909,0.0,0.0,0.0,0.0,0.0,0.0,0.0,0.0,0.0,0.0,0.0,0.0,0.0,0.0,0.0,0.0,0.0,0.0,0.0,0.0,0.0,12.707581227436823,0.0,Cogain
TCGA-BH-A1EX,17,9,0,0,0,0,0,0,0,0,0,0,0,0,0,0,0,0,0,0,0,0,0,0,0,65.38461538461539,9.848484848484848,0.0,0.0,0.0,0.0,0.0,0.0,0.0,0.0,0.0,0.0,0.0,0.0,0.0,0.0,0.0,0.0,0.0,0.0,0.0,0.0,0.0,0.0,Cogain
TCGA-E2-A1LA,23,0,0,0,0,0,0,0,0,0,0,0,32,0,0,0,0,0,0,19,0,0,17,0,0,25.274725274725274,0.0,0.0,0.0,0.0,0.0,0.0,0.0,0.0,0.0,0.0,0.0,27.52102825819866,0.0,0.0,0.0,0.0,0.0,0.0,13.213185739625962,0.0,0.0,10.827408986242439,0.0,Cogain
TCGA-BH-A42T,0,0,0,0,0,0,0,0,314,0,0,0,0,0,0,0,0,0,0,0,0,0,0,0,0,0.0,0.0,0.0,0.0,0.0,0.0,0.0,0.0,100.0,0.0,0.0,0.0,0.0,0.0,0.0,0.0,0.0,0.0,0.0,0.0,0.0,0.0,0.0,0.0,Cogain
TCGA-D8-A1JF,0,31,0,0,0,0,0,0,0,0,0,0,0,0,0,19,0,0,0,29,20,0,0,0,0,0.0,31.31313131313131,0.0,0.0,0.0,0.0,0.0,0.0,0.0,0.0,0.0,0.0,0.0,0.0,0.0,14.580265095729013,0.0,0.0,0.0,20.014714761856897,12.127966209797572,0.0,0.0,0.0,Cogain
TCGA-EW-A1J3,23,0,0,0,0,0,0,12,18,0,0,0,0,0,0,0,0,0,0,10,0,0,0,0,0,36.507936507936506,0.0,0.0,0.0,0.0,0.0,0.0,12.059339607592918,16.133763077052052,0.0,0.0,0.0,0.0,0.0,0.0,0.0,0.0,0.0,0.0,7.8307898379114595,0.0,0.0,0.0,0.0,Cogain
TCGA-D8-A1XL,0,41,0,0,0,0,0,0,29,0,0,0,0,0,0,0,36,0,0,62,0,0,0,0,0,0.0,24.404761904761905,0.0,0.0,0.0,0.0,0.0,0.0,15.072392030689272,0.0,0.0,0.0,0.0,0.0,0.0,0.0,17.351307995674585,0.0,0.0,27.57657970323756,0.0,0.0,0.0,0.0,Cogain
TCGA-A8-A07P,21,0,0,0,0,0,0,0,39,0,0,0,0,0,0,0,0,0,0,19,0,0,0,0,0,26.582278481012658,0.0,0.0,0.0,0.0,0.0,0.0,0.0,36.93801702433761,0.0,0.0,0.0,0.0,0.0,0.0,0.0,0.0,0.0,0.0,13.331434609105715,0.0,0.0,0.0,0.0,Cogain
TCGA-E9-A22B,0,39,0,0,33,0,0,0,0,0,0,0,0,0,0,0,0,0,0,37,0,0,0,0,0,0.0,35.77981651376147,0.0,0.0,22.793232368037515,0.0,0.0,0.0,0.0,0.0,0.0,0.0,0.0,0.0,0.0,0.0,0.0,0.0,0.0,22.079922903413124,0.0,0.0,0.0,0.0,Cogain
TCGA-AR-A24H,0,42,0,0,0,0,0,0,0,0,0,0,0,0,0,0,129,0,0,0,0,0,0,0,0,0.0,24.56140350877193,0.0,0.0,0.0,0.0,0.0,0.0,0.0,0.0,0.0,0.0,0.0,0.0,0.0,0.0,65.96393648515296,0.0,0.0,0.0,0.0,0.0,0.0,0.0,Cogain
TCGA-E9-A295,0,45,0,0,0,0,18,0,0,0,0,0,0,0,0,0,0,0,0,0,0,0,0,0,0,0.0,71.42857142857143,0.0,0.0,0.0,0.0,13.39001062699256,0.0,0.0,0.0,0.0,0.0,0.0,0.0,0.0,0.0,0.0,0.0,0.0,0.0,0.0,0.0,0.0,0.0,Cogain
TCGA-EW-A1P3,30,10,0,0,0,0,0,0,0,0,0,0,0,0,0,0,0,0,0,0,0,0,0,0,0,75.0,8.695652173913043,0.0,0.0,0.0,0.0,0.0,0.0,0.0,0.0,0.0,0.0,0.0,0.0,0.0,0.0,0.0,0.0,0.0,0.0,0.0,0.0,0.0,0.0,Cogain
TCGA-BH-A0H7,0,0,0,0,0,0,76,0,0,210,0,0,0,0,0,0,0,0,0,0,62,0,0,0,0,0.0,0.0,0.0,0.0,0.0,0.0,21.839080459770116,0.0,0.0,56.78145201392342,0.0,0.0,0.0,0.0,0.0,0.0,0.0,0.0,0.0,0.0,14.532821390593307,0.0,0.0,0.0,Cogain
TCGA-A8-A07G,31,0,0,0,0,0,0,0,0,0,0,0,0,0,0,0,0,0,0,0,42,0,31,0,0,29.807692307692307,0.0,0.0,0.0,0.0,0.0,0.0,0.0,0.0,0.0,0.0,0.0,0.0,0.0,0.0,0.0,0.0,0.0,0.0,0.0,31.388329979879273,0.0,18.76558501271629,0.0,Cogain
TCGA-BH-A1EW,0,30,0,0,0,0,0,23,0,0,0,0,0,0,0,0,0,0,0,30,43,0,0,0,0,0.0,23.80952380952381,0.0,0.0,0.0,0.0,0.0,15.352828989192627,0.0,0.0,0.0,0.0,0.0,0.0,0.0,0.0,0.0,0.0,0.0,18.163945652046408,23.455445488934473,0.0,0.0,0.0,Cogain
TCGA-E2-A56Z,0,45,0,0,0,0,0,0,0,0,0,0,0,0,0,0,0,0,0,160,46,0,0,0,0,0.0,17.92828685258964,0.0,0.0,0.0,0.0,0.0,0.0,0.0,0.0,0.0,0.0,0.0,0.0,0.0,0.0,0.0,0.0,0.0,59.49541488274248,14.006297279077067,0.0,0.0,0.0,Cogain
TCGA-A8-A093,0,42,0,0,0,0,0,12,0,0,0,0,0,0,0,0,0,0,0,0,0,0,0,0,0,0.0,77.77777777777777,0.0,0.0,0.0,0.0,0.0,9.106239460370995,0.0,0.0,0.0,0.0,0.0,0.0,0.0,0.0,0.0,0.0,0.0,0.0,0.0,0.0,0.0,0.0,Cogain
TCGA-A8-A09M,29,0,0,0,0,0,0,0,89,0,0,0,0,0,0,0,0,0,0,0,0,0,0,0,0,24.576271186440678,0.0,0.0,0.0,0.0,0.0,0.0,0.0,62.422729434141694,0.0,0.0,0.0,0.0,0.0,0.0,0.0,0.0,0.0,0.0,0.0,0.0,0.0,0.0,0.0,Cogain
TCGA-LL-A7T0,0,0,0,0,0,0,0,0,0,0,0,0,0,0,0,0,83,0,96,143,0,0,0,0,0,0.0,0.0,0.0,0.0,0.0,0.0,0.0,0.0,0.0,0.0,0.0,0.0,0.0,0.0,0.0,0.0,25.77639751552795,0.0,27.60394342048864,38.0946960737015,0.0,0.0,0.0,0.0,Cogain
TCGA-EW-A1OY,0,24,0,0,0,0,34,0,32,0,0,0,0,0,0,0,59,0,0,0,0,0,0,0,0,0.0,16.107382550335572,0.0,0.0,0.0,0.0,20.59265883500671,0.0,17.23209093615519,0.0,0.0,0.0,0.0,0.0,0.0,0.0,29.07375945103095,0.0,0.0,0.0,0.0,0.0,0.0,0.0,Cogain
TCGA-E9-A5UP,0,40,0,0,0,0,0,0,0,0,0,0,0,0,0,0,0,0,60,84,0,0,0,0,0,0.0,21.73913043478261,0.0,0.0,0.0,0.0,0.0,0.0,0.0,0.0,0.0,0.0,0.0,0.0,0.0,0.0,0.0,0.0,29.16314454775993,35.75955150125417,0.0,0.0,0.0,0.0,Cogain
TCGA-B6-A3ZX,0,0,0,0,0,0,0,0,0,0,0,0,0,0,0,0,132,0,0,0,70,0,0,0,0,0.0,0.0,0.0,0.0,0.0,0.0,0.0,0.0,0.0,0.0,0.0,0.0,0.0,0.0,0.0,0.0,65.34653465346534,0.0,0.0,0.0,26.183245685504776,0.0,0.0,0.0,Cogain
TCGA-AR-A24Z,0,0,0,0,0,0,93,0,0,0,0,0,0,0,0,0,0,0,244,0,0,0,0,0,0,0.0,0.0,0.0,0.0,0.0,0.0,27.596439169139465,0.0,0.0,0.0,0.0,0.0,0.0,0.0,0.0,0.0,0.0,0.0,66.923308564406,0.0,0.0,0.0,0.0,0.0,Cogain
TCGA-E9-A1RI,29,0,0,0,0,0,0,0,18,0,0,0,0,0,0,0,0,0,0,0,0,0,0,0,0,61.702127659574465,0.0,0.0,0.0,0.0,0.0,0.0,0.0,16.559013505578392,0.0,0.0,0.0,0.0,0.0,0.0,0.0,0.0,0.0,0.0,0.0,0.0,0.0,0.0,0.0,Cogain
TCGA-AR-A24L,31,0,0,0,0,0,0,0,62,0,0,0,0,0,0,0,0,0,0,0,0,0,0,0,0,33.333333333333336,0.0,0.0,0.0,0.0,0.0,0.0,0.0,49.07651715039577,0.0,0.0,0.0,0.0,0.0,0.0,0.0,0.0,0.0,0.0,0.0,0.0,0.0,0.0,0.0,Cogain
TCGA-E2-A153,0,0,0,0,0,0,0,0,0,0,0,0,0,0,0,28,0,0,0,0,0,0,0,0,0,0.0,0.0,0.0,0.0,0.0,0.0,0.0,0.0,0.0,0.0,0.0,0.0,0.0,0.0,0.0,100.0,0.0,0.0,0.0,0.0,0.0,0.0,0.0,0.0,Cogain
TCGA-E9-A1R4,0,61,0,0,0,0,0,0,0,0,0,0,0,0,0,0,31,0,0,0,0,0,0,0,0,0.0,66.30434782608695,0.0,0.0,0.0,0.0,0.0,0.0,0.0,0.0,0.0,0.0,0.0,0.0,0.0,0.0,19.582532271354026,0.0,0.0,0.0,0.0,0.0,0.0,0.0,Cogain
TCGA-A2-A3XU,0,0,0,0,0,0,0,0,204,0,0,0,0,0,0,0,0,0,0,0,0,0,68,0,0,0.0,0.0,0.0,0.0,0.0,0.0,0.0,0.0,75.0,0.0,0.0,0.0,0.0,0.0,0.0,0.0,0.0,0.0,0.0,0.0,0.0,0.0,19.596541786743515,0.0,Cogain
TCGA-BH-A0B4,26,0,0,0,0,0,0,0,46,0,0,0,0,0,0,0,0,0,0,20,30,0,0,0,0,21.311475409836067,0.0,0.0,0.0,0.0,0.0,0.0,0.0,32.09791809654541,0.0,0.0,0.0,0.0,0.0,0.0,0.0,0.0,0.0,0.0,11.401897925878405,16.05898646168204,0.0,0.0,0.0,Cogain
TCGA-A2-A3XX,0,0,0,0,0,0,0,0,0,0,0,0,0,0,0,0,113,0,0,120,0,0,0,74,0,0.0,0.0,0.0,0.0,0.0,0.0,0.0,0.0,0.0,0.0,0.0,0.0,0.0,0.0,0.0,0.0,36.807817589576544,0.0,0.0,34.903220305261065,0.0,0.0,0.0,19.539963876244002,Cogain
TCGA-AC-A2FM,26,0,0,0,0,0,0,0,99,0,0,0,0,0,0,0,0,0,0,0,0,0,0,0,0,20.8,0.0,0.0,0.0,0.0,0.0,0.0,0.0,67.90123456790123,0.0,0.0,0.0,0.0,0.0,0.0,0.0,0.0,0.0,0.0,0.0,0.0,0.0,0.0,0.0,Cogain
TCGA-D8-A1XS,27,0,27,0,0,0,0,0,0,0,0,0,0,0,0,0,0,0,0,21,0,0,0,0,0,36.0,0.0,24.324324324324323,0.0,0.0,0.0,0.0,0.0,0.0,0.0,0.0,0.0,0.0,0.0,0.0,0.0,0.0,0.0,0.0,15.518274415817855,0.0,0.0,0.0,0.0,Cogain
TCGA-E9-A1R5,19,0,0,59,0,0,0,0,0,0,0,0,0,0,0,0,0,0,0,27,0,0,0,0,0,18.095238095238095,0.0,0.0,47.93036750483559,0.0,0.0,0.0,0.0,0.0,0.0,0.0,0.0,0.0,0.0,0.0,0.0,0.0,0.0,0.0,15.787109716855387,0.0,0.0,0.0,0.0,Cogain
TCGA-AR-A2LJ,26,0,0,0,0,0,14,0,18,0,0,0,0,0,0,0,0,0,0,0,0,0,0,0,0,44.827586206896555,0.0,0.0,0.0,0.0,0.0,13.615023474178404,0.0,15.458258836091238,0.0,0.0,0.0,0.0,0.0,0.0,0.0,0.0,0.0,0.0,0.0,0.0,0.0,0.0,0.0,Cogain
TCGA-BH-A0HQ,0,28,0,0,0,0,0,0,0,0,0,0,0,0,0,0,0,0,0,0,0,0,0,0,0,0.0,100.0,0.0,0.0,0.0,0.0,0.0,0.0,0.0,0.0,0.0,0.0,0.0,0.0,0.0,0.0,0.0,0.0,0.0,0.0,0.0,0.0,0.0,0.0,Cogain
TCGA-E2-A15T,0,0,0,0,0,0,0,0,182,0,0,0,0,0,0,0,0,0,0,0,101,0,0,0,0,0.0,0.0,0.0,0.0,0.0,0.0,0.0,0.0,64.31095406360424,0.0,0.0,0.0,0.0,0.0,0.0,0.0,0.0,0.0,0.0,0.0,29.080568527505623,0.0,0.0,0.0,Cogain
TCGA-D8-A1XM,29,0,0,0,0,0,0,0,11,0,0,0,0,0,0,0,0,0,0,0,0,0,0,0,0,72.5,0.0,0.0,0.0,0.0,0.0,0.0,0.0,9.777777777777779,0.0,0.0,0.0,0.0,0.0,0.0,0.0,0.0,0.0,0.0,0.0,0.0,0.0,0.0,0.0,Cogain
TCGA-EW-A1J2,30,0,0,0,0,0,0,0,0,0,0,0,0,0,0,0,0,0,0,0,0,0,10,0,0,75.0,0.0,0.0,0.0,0.0,0.0,0.0,0.0,0.0,0.0,0.0,0.0,0.0,0.0,0.0,0.0,0.0,0.0,0.0,0.0,0.0,0.0,8.695652173913043,0.0,Cogain
TCGA-BH-A18U,0,0,0,0,0,0,154,0,0,0,0,0,0,0,0,0,52,98,0,0,0,0,0,0,0,0.0,0.0,0.0,0.0,0.0,0.0,50.6578947368421,0.0,0.0,0.0,0.0,0.0,0.0,0.0,0.0,0.0,14.662016769310679,26.53526033847957,0.0,0.0,0.0,0.0,0.0,0.0,Cogain
TCGA-BH-A0DD,0,31,0,0,0,0,0,0,0,0,0,0,0,0,0,0,0,0,0,117,60,0,0,0,0,0.0,14.903846153846153,0.0,0.0,0.0,0.0,0.0,0.0,0.0,0.0,0.0,0.0,0.0,0.0,0.0,0.0,0.0,0.0,0.0,52.48900008627383,21.78705831293995,0.0,0.0,0.0,Cogain
TCGA-E9-A1R7,0,0,0,0,0,0,0,0,0,0,0,0,0,0,0,0,0,0,0,78,117,0,0,0,63,0.0,0.0,0.0,0.0,0.0,0.0,0.0,0.0,0.0,0.0,0.0,0.0,0.0,0.0,0.0,0.0,0.0,0.0,0.0,30.232558139534884,40.59222204292399,0.0,0.0,0.0,Cogain
TCGA-BH-A204,29,0,0,0,0,0,0,0,78,0,0,0,0,0,0,0,0,0,0,0,0,0,0,0,0,27.102803738317757,0.0,0.0,0.0,0.0,0.0,0.0,0.0,58.16433200919925,0.0,0.0,0.0,0.0,0.0,0.0,0.0,0.0,0.0,0.0,0.0,0.0,0.0,0.0,0.0,Cogain
TCGA-A7-A4SA,0,0,0,0,0,0,0,0,170,0,0,0,0,0,0,0,52,0,0,0,0,0,0,0,0,0.0,0.0,0.0,0.0,0.0,0.0,0.0,0.0,76.57657657657657,0.0,0.0,0.0,0.0,0.0,0.0,0.0,17.415967654335887,0.0,0.0,0.0,0.0,0.0,0.0,0.0,Cogain
TCGA-EW-A1PC,0,0,0,0,0,0,0,0,0,0,105,0,0,0,0,0,0,0,0,115,0,0,0,0,0,0.0,0.0,0.0,0.0,0.0,0.0,0.0,0.0,0.0,0.0,47.72727272727273,0.0,0.0,0.0,0.0,0.0,0.0,0.0,0.0,42.954159592529706,0.0,0.0,0.0,0.0,Cogain
TCGA-C8-A12O,0,0,0,0,0,0,0,0,0,0,0,0,0,0,0,0,127,0,0,174,0,0,0,0,0,0.0,0.0,0.0,0.0,0.0,0.0,0.0,0.0,0.0,0.0,0.0,0.0,0.0,0.0,0.0,0.0,42.19269102990033,0.0,0.0,50.70038044162205,0.0,0.0,0.0,0.0,Cogain
TCGA-4H-AAAK,0,0,0,0,0,91,0,0,0,0,0,0,0,0,0,0,0,0,0,177,0,0,0,0,0,0.0,0.0,0.0,0.0,0.0,33.95522388059702,0.0,0.0,0.0,0.0,0.0,0.0,0.0,0.0,0.0,0.0,0.0,0.0,0.0,58.61796253274677,0.0,0.0,0.0,0.0,Cogain
TCGA-BH-A18S,29,0,0,0,0,0,0,0,54,0,0,0,0,0,0,0,0,0,0,0,0,0,0,0,0,34.93975903614458,0.0,0.0,0.0,0.0,0.0,0.0,0.0,45.786086423536624,0.0,0.0,0.0,0.0,0.0,0.0,0.0,0.0,0.0,0.0,0.0,0.0,0.0,0.0,0.0,Cogain
TCGA-BH-A0BZ,0,39,0,0,0,0,0,0,0,0,0,0,0,0,0,0,0,0,0,0,0,0,0,0,0,0.0,100.0,0.0,0.0,0.0,0.0,0.0,0.0,0.0,0.0,0.0,0.0,0.0,0.0,0.0,0.0,0.0,0.0,0.0,0.0,0.0,0.0,0.0,0.0,Cogain
TCGA-A8-A07W,0,34,31,0,0,0,0,33,0,0,0,0,0,0,0,0,40,0,0,0,0,0,0,0,0,0.0,24.63768115942029,19.060773480662984,0.0,0.0,0.0,0.0,18.16195964097104,0.0,0.0,0.0,0.0,0.0,0.0,0.0,0.0,20.013968320785064,0.0,0.0,0.0,0.0,0.0,0.0,0.0,Cogain
TCGA-OL-A6VO,0,0,0,0,0,0,0,0,0,415,0,0,0,0,0,0,0,0,0,0,0,0,0,0,0,0.0,0.0,0.0,0.0,0.0,0.0,0.0,0.0,0.0,100.0,0.0,0.0,0.0,0.0,0.0,0.0,0.0,0.0,0.0,0.0,0.0,0.0,0.0,0.0,Cogain
TCGA-BH-A0DE,26,0,0,0,0,0,0,0,18,0,0,0,0,0,0,0,0,0,0,0,0,0,0,0,0,59.09090909090909,0.0,0.0,0.0,0.0,0.0,0.0,0.0,17.46031746031746,0.0,0.0,0.0,0.0,0.0,0.0,0.0,0.0,0.0,0.0,0.0,0.0,0.0,0.0,0.0,Cogain
TCGA-OL-A66K,0,43,0,0,0,0,0,0,0,0,0,0,0,0,0,0,0,0,0,134,0,0,0,0,0,0.0,24.293785310734464,0.0,0.0,0.0,0.0,0.0,0.0,0.0,0.0,0.0,0.0,0.0,0.0,0.0,0.0,0.0,0.0,0.0,66.56936764994808,0.0,0.0,0.0,0.0,Cogain
TCGA-BH-A0HW,0,49,0,0,0,0,0,0,0,0,0,18,0,0,0,0,0,0,0,0,0,0,0,0,0,0.0,73.13432835820896,0.0,0.0,0.0,0.0,0.0,0.0,0.0,0.0,0.0,12.844818404515923,0.0,0.0,0.0,0.0,0.0,0.0,0.0,0.0,0.0,0.0,0.0,0.0,Cogain
TCGA-C8-A1HM,0,0,0,0,0,0,47,0,0,0,0,0,0,0,0,0,34,79,0,0,0,0,0,0,0,0.0,0.0,0.0,0.0,0.0,0.0,29.375,0.0,0.0,0.0,0.0,0.0,0.0,0.0,0.0,0.0,17.953795379537954,38.10372787599614,0.0,0.0,0.0,0.0,0.0,0.0,Cogain
TCGA-B6-A401,0,0,0,0,0,0,0,0,0,0,113,0,0,0,0,0,88,0,0,0,0,0,0,0,0,0.0,0.0,0.0,0.0,0.0,0.0,0.0,0.0,0.0,0.0,56.21890547263681,0.0,0.0,0.0,0.0,0.0,34.21210421461867,0.0,0.0,0.0,0.0,0.0,0.0,0.0,Cogain
TCGA-A2-A0CT,0,20,0,0,26,0,38,0,0,0,0,0,0,0,0,20,0,0,0,0,0,0,0,0,0,0.0,19.23076923076923,0.0,0.0,21.098626716604244,0.0,26.328662813676473,0.0,0.0,0.0,0.0,0.0,0.0,0.0,0.0,11.719341087785,0.0,0.0,0.0,0.0,0.0,0.0,0.0,0.0,Cogain
TCGA-E2-A14T,0,0,0,0,0,0,0,0,0,0,0,0,0,0,0,0,0,0,192,199,0,0,0,0,0,0.0,0.0,0.0,0.0,0.0,0.0,0.0,0.0,0.0,0.0,0.0,0.0,0.0,0.0,0.0,0.0,0.0,0.0,49.10485933503836,45.21649688228218,0.0,0.0,0.0,0.0,Cogain
TCGA-E9-A1R2,26,0,0,0,0,0,0,0,0,0,0,0,56,0,0,0,0,0,0,0,0,0,0,0,0,31.70731707317073,0.0,0.0,0.0,0.0,0.0,0.0,0.0,0.0,0.0,0.0,0.0,49.24924924924925,0.0,0.0,0.0,0.0,0.0,0.0,0.0,0.0,0.0,0.0,0.0,Cogain
TCGA-A8-A06U,0,0,0,0,0,233,0,0,0,0,307,0,0,0,0,0,0,0,0,0,0,0,0,0,0,0.0,0.0,0.0,0.0,0.0,43.148148148148145,0.0,0.0,0.0,0.0,52.64528421721181,0.0,0.0,0.0,0.0,0.0,0.0,0.0,0.0,0.0,0.0,0.0,0.0,0.0,Cogain
TCGA-BH-A0BT,0,38,0,17,0,17,0,0,0,0,0,0,0,0,0,0,0,0,0,0,0,0,0,0,0,0.0,52.77777777777778,0.0,13.624220837043634,0.0,12.283059616293343,0.0,0.0,0.0,0.0,0.0,0.0,0.0,0.0,0.0,0.0,0.0,0.0,0.0,0.0,0.0,0.0,0.0,0.0,Cogain
TCGA-LL-A5YM,0,0,0,0,0,0,0,0,234,0,0,0,0,0,0,0,0,0,0,58,0,0,0,0,0,0.0,0.0,0.0,0.0,0.0,0.0,0.0,0.0,80.13698630136986,0.0,0.0,0.0,0.0,0.0,0.0,0.0,0.0,0.0,0.0,15.585658543767945,0.0,0.0,0.0,0.0,Cogain
TCGA-AQ-A1H3,20,7,0,0,0,0,0,0,0,0,0,0,0,0,0,0,0,0,0,0,0,0,0,0,0,74.07407407407408,6.9256137779406375,0.0,0.0,0.0,0.0,0.0,0.0,0.0,0.0,0.0,0.0,0.0,0.0,0.0,0.0,0.0,0.0,0.0,0.0,0.0,0.0,0.0,0.0,Cogain
TCGA-AO-A1KS,0,41,0,0,0,0,0,0,0,0,0,0,0,0,0,0,0,0,0,79,0,0,0,0,0,0.0,34.166666666666664,0.0,0.0,0.0,0.0,0.0,0.0,0.0,0.0,0.0,0.0,0.0,0.0,0.0,0.0,0.0,0.0,0.0,51.24324324324325,0.0,0.0,0.0,0.0,Cogain
TCGA-EW-A423,0,0,0,0,0,0,0,0,0,0,0,0,0,0,0,0,0,0,170,121,0,0,0,0,0,0.0,0.0,0.0,0.0,0.0,0.0,0.0,0.0,0.0,0.0,0.0,0.0,0.0,0.0,0.0,0.0,0.0,0.0,58.419243986254294,34.628888386227516,0.0,0.0,0.0,0.0,Cogain
TCGA-A2-A0ET,0,54,0,0,0,0,0,0,0,0,0,0,0,0,0,0,0,0,0,0,0,0,0,0,0,0.0,100.0,0.0,0.0,0.0,0.0,0.0,0.0,0.0,0.0,0.0,0.0,0.0,0.0,0.0,0.0,0.0,0.0,0.0,0.0,0.0,0.0,0.0,0.0,Cogain
TCGA-A2-A3XV,0,0,0,0,0,0,0,0,198,0,0,0,0,0,0,0,0,0,0,0,0,0,0,75,0,0.0,0.0,0.0,0.0,0.0,0.0,0.0,0.0,72.52747252747253,0.0,0.0,0.0,0.0,0.0,0.0,0.0,0.0,0.0,0.0,0.0,0.0,0.0,0.0,21.705944089304456,Cogain
TCGA-D8-A143,0,14,0,0,0,0,0,0,0,27,0,0,28,13,0,0,0,0,0,0,0,0,0,0,0,0.0,17.073170731707318,0.0,0.0,0.0,0.0,0.0,0.0,0.0,27.25258493353028,0.0,0.0,22.1649178764462,8.754758591859094,0.0,0.0,0.0,0.0,0.0,0.0,0.0,0.0,0.0,0.0,Cogain
TCGA-EW-A2FS,19,0,0,0,0,0,0,0,0,0,0,0,0,0,0,0,0,0,0,25,49,0,0,0,18,17.117117117117118,0.0,0.0,0.0,0.0,0.0,0.0,0.0,0.0,0.0,0.0,0.0,0.0,0.0,0.0,0.0,0.0,0.0,0.0,19.51339568244146,33.19097053231025,0.0,0.0,0.0,Cogain
TCGA-AC-A23G,0,54,0,0,0,0,0,0,0,0,0,0,0,0,0,0,0,0,0,0,0,0,0,0,0,0.0,100.0,0.0,0.0,0.0,0.0,0.0,0.0,0.0,0.0,0.0,0.0,0.0,0.0,0.0,0.0,0.0,0.0,0.0,0.0,0.0,0.0,0.0,0.0,Cogain
TCGA-BH-A1FC,0,27,0,0,0,0,36,0,0,0,0,0,0,0,0,0,0,48,0,60,0,0,0,0,19,0.0,14.210526315789474,0.0,0.0,0.0,0.0,17.62886597938144,0.0,0.0,0.0,0.0,0.0,0.0,0.0,0.0,0.0,0.0,21.63727528433411,0.0,24.643018403563275,0.0,0.0,0.0,0.0,Cogain
TCGA-AR-A24K,0,30,0,0,0,0,0,0,0,0,57,0,0,0,0,0,0,0,36,0,0,0,0,0,0,0.0,24.390243902439025,0.0,0.0,0.0,0.0,0.0,0.0,0.0,0.0,38.67284461360252,0.0,0.0,0.0,0.0,0.0,0.0,0.0,19.34827605363341,0.0,0.0,0.0,0.0,0.0,Cogain
TCGA-AN-A0FZ,0,0,0,0,0,0,74,0,138,0,0,0,0,0,0,0,0,0,0,82,0,0,0,0,0,0.0,0.0,0.0,0.0,0.0,0.0,25.170068027210885,0.0,43.23713713287011,0.0,0.0,0.0,0.0,0.0,0.0,0.0,0.0,0.0,0.0,22.626481712409472,0.0,0.0,0.0,0.0,Cogain
TCGA-AO-A0J7,12,0,0,0,0,0,0,0,0,0,0,0,13,0,0,0,0,0,0,0,0,0,0,0,0,48.0,0.0,0.0,0.0,0.0,0.0,0.0,0.0,0.0,0.0,0.0,0.0,17.80821917808219,0.0,0.0,0.0,0.0,0.0,0.0,0.0,0.0,0.0,0.0,0.0,Cogain
TCGA-C8-A130,0,0,0,0,0,0,0,0,0,0,114,0,0,0,0,0,0,0,111,101,0,0,0,0,0,0.0,0.0,0.0,0.0,0.0,0.0,0.0,0.0,0.0,0.0,34.969325153374236,0.0,0.0,0.0,0.0,0.0,0.0,0.0,30.750535368299396,25.78373224821766,0.0,0.0,0.0,0.0,Cogain
TCGA-A2-A0T7,23,0,0,0,0,0,0,0,55,0,0,0,0,0,0,0,0,0,0,15,0,0,0,0,0,24.731182795698924,0.0,0.0,0.0,0.0,0.0,0.0,0.0,46.716595122842264,0.0,0.0,0.0,0.0,0.0,0.0,0.0,0.0,0.0,0.0,9.121436719826164,0.0,0.0,0.0,0.0,Cogain
TCGA-AC-A7VB,0,0,0,0,0,0,0,0,543,0,0,0,0,0,0,0,0,0,0,0,0,0,0,0,0,0.0,0.0,0.0,0.0,0.0,0.0,0.0,0.0,100.0,0.0,0.0,0.0,0.0,0.0,0.0,0.0,0.0,0.0,0.0,0.0,0.0,0.0,0.0,0.0,Cogain
TCGA-AC-A2QJ,13,37,0,0,0,0,0,0,0,0,0,0,0,0,0,0,0,0,0,0,0,0,0,0,0,26.0,48.68421052631579,0.0,0.0,0.0,0.0,0.0,0.0,0.0,0.0,0.0,0.0,0.0,0.0,0.0,0.0,0.0,0.0,0.0,0.0,0.0,0.0,0.0,0.0,Cogain
TCGA-BH-A202,0,39,0,0,0,19,0,22,0,0,0,0,0,0,0,0,0,0,0,0,0,0,0,0,0,0.0,48.75,0.0,0.0,0.0,14.757281553398059,0.0,15.330232558139535,0.0,0.0,0.0,0.0,0.0,0.0,0.0,0.0,0.0,0.0,0.0,0.0,0.0,0.0,0.0,0.0,Cogain
TCGA-C8-A27A,0,39,0,0,54,0,106,0,0,0,0,0,0,0,0,0,0,0,0,72,0,0,0,0,0,0.0,14.391143911439114,0.0,0.0,18.92140003361736,0.0,34.83260946980163,0.0,0.0,0.0,0.0,0.0,0.0,0.0,0.0,0.0,0.0,0.0,0.0,21.22984783212463,0.0,0.0,0.0,0.0,Cogain
TCGA-C8-A12W,0,27,0,0,0,0,0,63,0,0,0,0,0,0,0,0,0,40,0,0,0,0,0,0,0,0.0,20.76923076923077,0.0,0.0,0.0,0.0,0.0,41.785714285714285,0.0,0.0,0.0,0.0,0.0,0.0,0.0,0.0,0.0,20.773291482379797,0.0,0.0,0.0,0.0,0.0,0.0,Cogain
TCGA-B6-A0X1,0,0,0,0,105,0,0,0,225,0,0,0,0,0,0,0,0,0,0,0,0,0,0,0,0,0.0,0.0,0.0,0.0,31.818181818181817,0.0,0.0,0.0,62.185929648241206,0.0,0.0,0.0,0.0,0.0,0.0,0.0,0.0,0.0,0.0,0.0,0.0,0.0,0.0,0.0,Cogain
TCGA-AR-A24P,28,0,0,0,0,0,0,0,0,0,0,0,0,0,0,0,0,0,0,0,0,0,0,0,0,100.0,0.0,0.0,0.0,0.0,0.0,0.0,0.0,0.0,0.0,0.0,0.0,0.0,0.0,0.0,0.0,0.0,0.0,0.0,0.0,0.0,0.0,0.0,0.0,Cogain
TCGA-A8-A0AB,0,41,0,0,0,0,0,0,0,21,0,0,0,0,0,0,0,0,0,0,0,0,0,0,0,0.0,66.12903225806451,0.0,0.0,0.0,0.0,0.0,0.0,0.0,16.389728096676738,0.0,0.0,0.0,0.0,0.0,0.0,0.0,0.0,0.0,0.0,0.0,0.0,0.0,0.0,Cogain
TCGA-A7-A3J0,22,14,0,0,0,0,0,0,0,0,0,0,0,0,0,0,0,0,0,0,0,0,0,0,0,61.111111111111114,14.416475972540045,0.0,0.0,0.0,0.0,0.0,0.0,0.0,0.0,0.0,0.0,0.0,0.0,0.0,0.0,0.0,0.0,0.0,0.0,0.0,0.0,0.0,0.0,Cogain
TCGA-E2-A109,0,42,0,0,0,0,132,0,0,84,0,0,0,0,0,0,0,0,0,0,0,0,0,0,0,0.0,16.27906976744186,0.0,0.0,0.0,0.0,48.126165847040866,0.0,0.0,26.05416746409271,0.0,0.0,0.0,0.0,0.0,0.0,0.0,0.0,0.0,0.0,0.0,0.0,0.0,0.0,Cogain
TCGA-A7-A26J,22,0,0,0,0,0,0,0,64,0,0,0,0,0,0,0,0,0,0,46,0,0,0,0,0,16.666666666666668,0.0,0.0,0.0,0.0,0.0,0.0,0.0,43.04932735426009,0.0,0.0,0.0,0.0,0.0,0.0,0.0,0.0,0.0,0.0,23.993824946592024,0.0,0.0,0.0,0.0,Cogain
TCGA-A8-A086,20,10,16,0,0,0,0,0,0,0,0,0,0,0,0,0,0,0,0,11,0,0,0,0,0,35.08771929824562,10.85921127833873,15.54198839187077,0.0,0.0,0.0,0.0,0.0,0.0,0.0,0.0,0.0,0.0,0.0,0.0,0.0,0.0,0.0,0.0,9.283568535998281,0.0,0.0,0.0,0.0,Cogain
TCGA-EW-A1J6,16,0,0,0,0,0,0,0,114,0,0,0,39,0,0,0,0,0,0,0,0,0,0,0,0,9.467455621301776,0.0,0.0,0.0,0.0,0.0,0.0,0.0,63.87719240078246,0.0,0.0,0.0,16.092783693925863,0.0,0.0,0.0,0.0,0.0,0.0,0.0,0.0,0.0,0.0,0.0,Cogain
TCGA-D8-A1XY,0,41,0,0,0,0,0,0,21,0,0,0,0,0,0,0,0,0,0,29,0,0,0,0,0,0.0,45.05494505494506,0.0,0.0,0.0,0.0,0.0,0.0,15.434940634843713,0.0,0.0,0.0,0.0,0.0,0.0,0.0,0.0,0.0,0.0,19.143192212438745,0.0,0.0,0.0,0.0,Cogain
TCGA-BH-A18N,0,53,0,0,0,0,0,0,0,0,0,0,0,0,0,0,0,0,0,0,0,0,0,0,0,0.0,100.0,0.0,0.0,0.0,0.0,0.0,0.0,0.0,0.0,0.0,0.0,0.0,0.0,0.0,0.0,0.0,0.0,0.0,0.0,0.0,0.0,0.0,0.0,Cogain
TCGA-AO-A12E,16,17,0,0,0,0,0,0,0,0,0,0,14,0,0,0,0,0,0,0,0,0,15,0,0,25.806451612903224,19.360764144011753,0.0,0.0,0.0,0.0,0.0,0.0,0.0,0.0,0.0,0.0,13.06369667357589,0.0,0.0,0.0,0.0,0.0,0.0,0.0,0.0,0.0,12.475992818129825,0.0,Cogain
TCGA-BH-A0AZ,24,0,0,0,0,0,0,0,0,0,0,0,31,0,0,0,0,0,0,0,21,0,0,0,0,31.57894736842105,0.0,0.0,0.0,0.0,0.0,0.0,0.0,0.0,0.0,0.0,0.0,28.816046966731896,0.0,0.0,0.0,0.0,0.0,0.0,0.0,15.396459453928575,0.0,0.0,0.0,Cogain
TCGA-A2-A0YC,29,0,0,0,0,0,0,0,17,0,0,0,0,0,0,0,0,0,0,0,0,0,0,0,0,63.04347826086956,0.0,0.0,0.0,0.0,0.0,0.0,0.0,15.590111642743222,0.0,0.0,0.0,0.0,0.0,0.0,0.0,0.0,0.0,0.0,0.0,0.0,0.0,0.0,0.0,Cogain
TCGA-E2-A1IG,27,0,0,0,0,0,0,0,0,0,0,0,0,0,0,0,0,0,0,29,26,0,0,0,25,25.233644859813083,0.0,0.0,0.0,0.0,0.0,0.0,0.0,0.0,0.0,0.0,0.0,0.0,0.0,0.0,0.0,0.0,0.0,0.0,21.930878507315008,16.86509933162994,0.0,0.0,0.0,Cogain
TCGA-GM-A2DK,23,0,0,0,0,0,22,0,41,0,0,0,0,0,0,0,0,0,0,31,0,0,0,0,0,19.65811965811966,0.0,0.0,0.0,0.0,0.0,16.09856776533867,0.0,26.84006879930794,0.0,0.0,0.0,0.0,0.0,0.0,0.0,0.0,0.0,0.0,17.260890815616154,0.0,0.0,0.0,0.0,Cogain
TCGA-BH-A0DP,3,23,0,0,0,0,0,0,0,0,0,0,0,0,0,0,0,0,0,0,0,0,0,0,0,11.538461538461538,61.27049180327869,0.0,0.0,0.0,0.0,0.0,0.0,0.0,0.0,0.0,0.0,0.0,0.0,0.0,0.0,0.0,0.0,0.0,0.0,0.0,0.0,0.0,0.0,Cogain
TCGA-A7-A13F,0,39,0,0,0,0,46,0,0,0,0,0,0,0,0,0,0,0,0,0,0,0,0,0,0,0.0,45.88235294117647,0.0,0.0,0.0,0.0,35.146067415730336,0.0,0.0,0.0,0.0,0.0,0.0,0.0,0.0,0.0,0.0,0.0,0.0,0.0,0.0,0.0,0.0,0.0,Cogain
TCGA-D8-A1JB,20,0,0,0,0,0,0,0,0,0,0,0,43,0,0,0,0,0,0,0,0,0,0,0,0,31.746031746031747,0.0,0.0,0.0,0.0,0.0,0.0,0.0,0.0,0.0,0.0,0.0,45.384486513653876,0.0,0.0,0.0,0.0,0.0,0.0,0.0,0.0,0.0,0.0,0.0,Cogain
